"Sale.Date","Address","Use.Code","Zip","Price","Year.Built","Grade","Roof","Heating","Air.Cond","Total.Rooms","Bedrooms","Full.Bathrooms","Half.Bathrooms","Fireplaces","Sqft","Finished.Attic","Unfinished.Living","Basement","Finished.Basement","Foundation.Type","Basement.Garage"
"02/11/2014","2206 KINGSBROOK DR","270 Townhouse","23238",132000,1975,"C-",1,0,"01 Yes",5,2,1,2,1,1360,0,0,0,0,"1 Crawl",0
"03/27/2017","2202 KINGSBROOK DR","270 Townhouse","23238",142000,1975,"C-",1,0,"01 Yes",6,3,1,2,1,1360,0,0,0,0,"1 Crawl",0
"02/28/2013","2200 KINGSBROOK DR","270 Townhouse","23059",125000,1974,"C-",1,0,"01 Yes",6,3,2,1,0,1380,0,0,0,0,"1 Crawl",0
"10/03/2016","2211 BRIGHTMOOR CT","270 Townhouse","23238",143000,1977,"C-",1,0,"01 Yes",6,3,1,2,1,1360,0,0,0,0,"1 Crawl",0
"05/10/2019","2207 BRIGHTMOOR CT","270 Townhouse","23238",160000,1976,"C-",1,0,"01 Yes",6,3,2,1,1,1360,0,0,0,0,"1 Crawl",0
"07/05/2017","2205 BRIGHTMOOR CT","270 Townhouse","23238",155000,1977,"C-",1,0,"01 Yes",6,3,1,2,0,1320,0,0,0,0,"1 Crawl",0
"04/12/2019","1606 CRANBURY DR","210 Res - Subd (1 Fam)","23238",287250,1973,"C",1,0,"01 Yes",7,3,2,1,1,1770,0,0,650,650,"W Walkout Bsmt",0
"06/04/2019","2226 BRIGHTMOOR CT","270 Townhouse","99706",192500,1976,"C-",1,0,"01 Yes",6,3,1,2,1,1380,0,0,0,0,"1 Crawl",0
"09/15/2020","2223 KINGSBROOK DR","270 Townhouse","23238-3227",191000,1976,"C-",1,0,"01 Yes",4,2,1,2,1,1360,0,0,0,0,"1 Crawl",0
"06/05/2017","2221 KINGSBROOK DR","270 Townhouse","27513-1603",160000,1975,"C-",1,0,"01 Yes",6,3,1,2,0,1380,0,0,0,0,"1 Crawl",0
"08/19/2019","2214 LAUDERDALE DR","210 Res - Subd (1 Fam)","23238",245000,1974,"C",1,0,"01 Yes",7,3,2,0,1,1554,0,0,0,0,"1 Crawl",0
"09/08/2015","2214 BRIGHTMOOR CT","270 Townhouse","23238",132000,1977,"C-",1,0,"01 Yes",6,3,1,2,1,1360,0,0,0,0,"1 Crawl",0
"12/01/2020","2216 LAUDERDALE DR","210 Res - Subd (1 Fam)","23233",251500,1974,"C",1,0,"01 Yes",7,3,2,1,1,1200,0,0,625,625,"W Walkout Bsmt",0
"04/07/2014","2211 KINGSBROOK DR","270 Townhouse","15044",133500,1975,"C-",1,0,"01 Yes",6,3,1,2,1,1380,0,0,0,0,"1 Crawl",0
"02/28/2012","2218 LAUDERDALE DR","210 Res - Subd (1 Fam)","23238",149950,1974,"C",1,0,"01 Yes",8,4,2,1,1,1630,0,0,650,650,"W Walkout Bsmt",0
"02/02/2015","1529 WESTSHIRE LN","210 Res - Subd (1 Fam)","23238",169900,1974,"C",1,0,"01 Yes",7,3,2,0,1,1554,0,0,0,0,"1 Crawl",0
"07/17/2012","2190 KINGSBROOK DR","270 Townhouse","23238",131000,1976,"C-",1,0,"01 Yes",5,2,2,1,1,1380,0,0,0,0,"1 Crawl",0
"02/03/2020","2222 LAUDERDALE DR","210 Res - Subd (1 Fam)","23238",269950,1974,"C",1,0,"01 Yes",8,4,2,1,1,1614,0,0,650,650,"W Walkout Bsmt",0
"10/31/2017","2180 KINGSBROOK DR","270 Townhouse","23059",165000,1975,"C-",1,0,"01 Yes",6,2,1,2,1,1380,0,0,0,0,"1 Crawl",0
"05/31/2019","2178 KINGSBROOK DR","270 Townhouse","23238",188700,1975,"C-",1,0,"01 Yes",6,3,1,2,0,1320,0,0,0,0,"1 Crawl",0
"06/18/2020","2176 KINGSBROOK DR","270 Townhouse","23238-3226",201500,1975,"C-",1,0,"01 Yes",6,3,2,1,1,1380,0,0,0,0,"1 Crawl",0
"02/10/2020","2226 LAUDERDALE DR","210 Res - Subd (1 Fam)","23238",250000,1974,"C",1,0,"01 Yes",8,3,2,1,1,1630,0,0,650,650,"W Walkout Bsmt",0
"05/21/2012","1535 WESTSHIRE LN","210 Res - Subd (1 Fam)","23238-3039",179950,1973,"C",1,0,"01 Yes",8,4,2,1,1,1630,0,0,650,650,"W Walkout Bsmt",0
"06/28/2016","1532 WESTSHIRE LN","210 Res - Subd (1 Fam)","23238",208000,1973,"C",1,0,"01 Yes",8,4,2,1,1,2019,0,0,728,0,"5 Combination",0
"09/10/2015","1539 WESTSHIRE LN","210 Res - Subd (1 Fam)","23238-3039",249000,1973,"C",1,0,"01 Yes",8,4,2,1,1,1630,0,0,676,676,"W Walkout Bsmt",0
"07/01/2014","1536 WESTSHIRE LN","210 Res - Subd (1 Fam)","23238",241000,1973,"C",1,0,"01 Yes",8,4,2,1,1,1630,0,0,650,650,"W Walkout Bsmt",0
"08/27/2014","1540 WESTSHIRE LN","210 Res - Subd (1 Fam)","23060",245000,1973,"C",1,0,"01 Yes",8,4,2,1,1,1940,0,0,700,0,"W Walkout Bsmt",0
"10/25/2018","1554 WESTSHIRE LN","210 Res - Subd (1 Fam)","23238",230000,1973,"C",1,0,"01 Yes",7,3,2,0,1,1562,0,0,0,0,"1 Crawl",0
"08/02/2018","1601 CRANBURY DR","210 Res - Subd (1 Fam)","23238",285000,1973,"C",1,0,"01 Yes",7,3,2,0,1,1554,0,0,0,0,"1 Crawl",0
"06/29/2020","1510 WESTSHIRE LN","210 Res - Subd (1 Fam)","23238-3034",365000,1973,"C",1,0,"01 Yes",9,4,2,1,1,2839,0,0,324,324,"W Walkout Bsmt",0
"03/03/2015","1528 WESTSHIRE LN","210 Res - Subd (1 Fam)","23238",200500,1973,"C",1,0,"01 Yes",8,4,2,1,1,2019,0,0,728,520,"W Walkout Bsmt",0
"10/03/2016","1406 WESTSHIRE LN","210 Res - Subd (1 Fam)","23238",225000,1972,"C",1,0,"01 Yes",7,3,2,0,1,1507,0,0,0,0,"1 Crawl",0
"12/28/2020","1139 BROAD HILL TRCE","280 Condominium","23233-7642",450959,2020,"A-",7,0,"01 Yes",7,4,3,1,1,2514,0,0,0,NA,"2 Slab",NA
"01/04/2021","1141 BROAD HILL TRCE","280 Condominium","23059",487627,2020,"A-",7,0,"01 Yes",7,3,2,2,1,2732,0,0,0,NA,"2 Slab",NA
"08/25/2020","429 BROAD HILL TRL","280 Condominium","23233-7642",446000,2020,"A-",7,0,"01 Yes",8,4,3,1,0,2514,0,0,0,NA,"2 Slab",NA
"08/27/2020","427 BROAD HILL TRL","280 Condominium","23233-7642",449843,2020,"A-",7,0,"01 Yes",7,3,2,2,0,2514,0,0,0,NA,"2 Slab",NA
"09/21/2020","425 BROAD HILL TRL","280 Condominium","23233-7642",462917,2020,"A-",7,0,"01 Yes",7,4,3,1,0,2512,0,0,0,NA,"2 Slab",NA
"01/07/2021","448 BROAD HILL TRL","280 Condominium","23233-7642",457500,2020,"A-",7,0,"01 Yes",6,3,2,2,1,2518,0,0,0,NA,"2 Slab",NA
"06/16/2020","446 BROAD HILL TRL","280 Condominium","23233-7642",440692,2020,"A-",7,0,"01 Yes",6,3,2,2,1,2510,0,0,0,NA,"2 Slab",NA
"06/25/2020","444 BROAD HILL TRL","280 Condominium","23233-7642",457163,2020,"A-",7,0,"01 Yes",7,4,3,1,1,2510,0,0,0,NA,"2 Slab",NA
"05/27/2020","442 BROAD HILL TRL","280 Condominium","23233-7642",475382,2020,"A-",7,0,"01 Yes",8,4,3,1,1,2730,0,0,0,NA,"2 Slab",NA
"05/29/2020","440 BROAD HILL TRL","280 Condominium","23233-7642",426626,2020,"A-",7,0,"01 Yes",6,3,2,2,1,2510,0,0,0,NA,"2 Slab",NA
"03/18/2020","432 BROAD HILL TRL","280 Condominium","23233-7642",485291,2020,"A-",7,0,"01 Yes",7,3,2,2,1,2732,0,0,0,NA,"2 Slab",NA
"04/22/2020","430 BROAD HILL TRL","280 Condominium","23233-7642",424037,2020,"A-",7,0,"01 Yes",7,4,3,1,1,2514,0,0,0,NA,"2 Slab",NA
"03/13/2020","428 BROAD HILL TRL","280 Condominium","23233-7642",439741,2020,"A-",7,0,"01 Yes",6,3,2,2,1,2514,0,0,0,NA,"2 Slab",NA
"03/20/2020","426 BROAD HILL TRL","280 Condominium","23233-7642",458015,2020,"A-",7,0,"01 Yes",6,3,2,2,0,2512,0,0,0,NA,"2 Slab",NA
"03/11/2020","4626 BROAD HILL DR","280 Condominium","23233-7642",480337,2020,"A-",7,0,"01 Yes",7,3,2,2,1,2732,0,0,0,NA,"2 Slab",NA
"03/04/2020","4624 BROAD HILL DR","280 Condominium","23233-7642",449104,2020,"A-",7,0,"01 Yes",6,3,2,2,0,2514,0,0,0,NA,"2 Slab",NA
"02/27/2020","4622 BROAD HILL DR","280 Condominium","23233-7642",447510,2020,"A-",7,0,"01 Yes",7,4,3,1,1,2514,0,0,0,NA,"2 Slab",NA
"02/20/2020","4620 BROAD HILL DR","280 Condominium","23233-7642",530621,2020,"A-",7,0,"01 Yes",8,4,3,1,1,2734,0,0,0,NA,"2 Slab",NA
"02/19/2020","4618 BROAD HILL DR","280 Condominium","23059",425197,2020,"A-",7,0,"01 Yes",7,4,3,1,0,2514,0,0,0,NA,"2 Slab",NA
"02/13/2020","4616 BROAD HILL DR","280 Condominium","23233-7642",501259,2020,"A-",7,0,"01 Yes",7,4,3,1,1,2710,0,0,0,NA,"2 Slab",NA
"03/23/2020","4644 BROAD HILL DR","280 Condominium","23233",469036,2019,"A-",7,0,"01 Yes",6,4,3,1,1,2512,0,0,0,NA,"2 Slab",NA
"12/06/2019","4642 BROAD HILL DR","280 Condominium","23233",459032,2019,"A-",7,0,"01 Yes",6,3,2,2,1,2514,0,0,0,NA,"2 Slab",NA
"12/06/2019","4640 BROAD HILL DR","280 Condominium","23233",468448,2019,"A-",7,0,"01 Yes",7,4,2,2,1,2734,0,0,0,NA,"2 Slab",NA
"12/02/2019","4638 BROAD HILL DR","280 Condominium","23233",478026,2019,"A-",7,0,"01 Yes",8,4,3,1,1,2734,0,0,0,NA,"2 Slab",NA
"11/27/2019","4636 BROAD HILL DR","280 Condominium","23233",447155,2019,"A-",7,0,"01 Yes",7,4,3,1,1,2514,0,0,0,NA,"2 Slab",NA
"12/31/2019","4634 BROAD HILL DR","280 Condominium","23233",477462,2019,"A-",7,0,"01 Yes",6,2,2,2,1,2732,0,0,0,NA,"2 Slab",NA
"10/01/2019","420 BROAD HILL TRL","280 Condominium","23233",463731,2019,"A-",7,0,"01 Yes",7,4,3,1,1,2512,0,0,0,NA,"2 Slab",NA
"10/02/2019","418 BROAD HILL TRL","280 Condominium","23233",402200,2019,"A-",7,0,"01 Yes",8,4,3,1,1,2514,0,0,0,NA,"2 Slab",NA
"10/01/2019","416 BROAD HILL TRL","280 Condominium","23233",420341,2019,"A-",7,0,"01 Yes",7,3,2,2,1,2514,0,0,0,NA,"2 Slab",NA
"09/25/2019","414 BROAD HILL TRL","280 Condominium","23233",428686,2019,"A-",7,0,"01 Yes",8,4,3,1,1,2514,0,0,0,NA,"2 Slab",NA
"09/30/2019","412 BROAD HILL TRL","280 Condominium","23233",500104,2019,"A-",7,0,"01 Yes",7,3,2,2,1,2732,0,0,0,NA,"2 Slab",NA
"07/26/2019","4660 BROAD HILL DR","280 Condominium","23233",505684,2019,"A-",7,0,"01 Yes",8,4,3,1,1,2738,0,0,0,NA,"2 Slab",NA
"07/17/2019","4658 BROAD HILL DR","280 Condominium","23233",452741,2019,"A-",7,0,"01 Yes",7,3,2,2,1,2514,0,0,0,NA,"2 Slab",NA
"07/19/2019","4656 BROAD HILL DR","280 Condominium","23233",392359,2019,"A-",7,0,"01 Yes",8,4,3,1,1,2514,0,0,0,NA,"2 Slab",NA
"07/12/2019","4654 BROAD HILL DR","280 Condominium","23233",412870,2019,"A-",7,0,"01 Yes",7,3,2,2,1,2514,0,0,0,NA,"2 Slab",NA
"07/08/2019","4652 BROAD HILL DR","280 Condominium","23233",418882,2019,"A-",7,0,"01 Yes",7,3,2,2,1,2514,0,0,0,NA,"2 Slab",NA
"07/03/2019","4650 BROAD HILL DR","280 Condominium","23233",510431,2019,"A-",7,0,"01 Yes",8,4,3,1,1,2732,0,0,0,NA,"2 Slab",NA
"04/12/2019","310 BROAD HILL OAKS LN","280 Condominium","23233",423969,2019,"A-",7,0,"01 Yes",7,3,3,1,1,2518,0,0,0,NA,"2 Slab",NA
"08/01/2019","308 BROAD HILL OAKS LN","280 Condominium","23233",460000,2019,"A-",7,0,"01 Yes",7,3,2,2,1,2530,0,0,0,NA,"2 Slab",NA
"04/30/2019","306 BROAD HILL OAKS LN","280 Condominium","23233",418914,2019,"A-",7,0,"01 Yes",7,3,2,2,1,2530,0,0,0,NA,"2 Slab",NA
"04/24/2019","304 BROAD HILL OAKS LN","280 Condominium","23233",398346,2019,"A-",7,0,"01 Yes",10,4,3,1,1,2530,0,0,0,NA,"2 Slab",NA
"04/26/2019","302 BROAD HILL OAKS LN","280 Condominium","23059",398327,2019,"A-",7,0,"01 Yes",7,3,2,1,1,2530,0,0,0,NA,"2 Slab",NA
"12/21/2020","300 BROAD HILL OAKS LN","280 Condominium","23233-7642",522000,2019,"A-",7,0,"01 Yes",8,3,2,2,1,2738,0,0,0,NA,"2 Slab",NA
"03/19/2019","419 BROAD HILL TRL","280 Condominium","23233",478641,2019,"A-",7,0,"01 Yes",7,3,2,1,1,2782,0,0,0,NA,"2 Slab",NA
"04/12/2019","417 BROAD HILL TRL","280 Condominium","23233",394700,2019,"A-",7,0,"01 Yes",8,4,3,1,1,2530,0,0,0,NA,"2 Slab",NA
"03/19/2019","415 BROAD HILL TRL","280 Condominium","23233",452358,2019,"A-",7,0,"01 Yes",7,3,2,1,1,2562,0,0,0,NA,"2 Slab",NA
"11/02/2018","406 BROAD HILL TRL","280 Condominium","23233-7853",544869,2018,"A-",7,0,"01 Yes",8,3,3,2,1,3126,0,0,0,NA,"2 Slab",NA
"12/18/2018","404 BROAD HILL TRL","280 Condominium","23223",460131,2018,"A-",7,0,"01 Yes",8,3,3,2,1,3090,0,0,0,NA,"2 Slab",NA
"11/29/2018","400 BROAD HILL TRL","280 Condominium","23233",552083,2018,"A-",7,0,"01 Yes",8,3,3,2,1,3126,0,0,0,NA,"2 Slab",NA
"11/02/2018","4610 BROAD HILL DR","280 Condominium","23233",579972,2018,"A-",7,0,"01 Yes",8,3,3,2,1,3126,0,0,0,NA,"2 Slab",NA
"11/30/2018","4608 BROAD HILL DR","280 Condominium","23233",542522,2018,"A-",7,0,"01 Yes",8,3,3,2,1,3090,0,0,0,NA,"2 Slab",NA
"02/28/2019","4606 BROAD HILL DR","280 Condominium","23233",518904,2018,"A-",7,0,"01 Yes",8,4,4,1,1,3090,0,0,0,NA,"2 Slab",NA
"11/02/2018","4604 BROAD HILL DR","280 Condominium","23233",523163,2018,"A-",7,0,"01 Yes",8,3,3,2,1,3090,0,0,0,NA,"2 Slab",NA
"04/02/2019","4602 BROAD HILL DR","280 Condominium","23233",519679,2018,"A-",7,0,"01 Yes",8,4,4,1,1,3090,0,0,0,NA,"2 Slab",NA
"04/02/2019","4600 BROAD HILL DR","280 Condominium","23233",625000,2018,"A-",7,0,"01 Yes",8,3,3,2,1,3126,0,0,0,NA,"2 Slab",NA
"11/27/2019","4350 BON SECOURS PKWY #B","280 Condominium","23233",356711,2019,"C+",1,0,"01 Yes",5,3,2,1,0,2509,0,0,0,NA,"",NA
"11/26/2019","4350 BON SECOURS PKWY #A","280 Condominium","23233",304510,2019,"C+",1,0,"01 Yes",5,2,2,1,0,1570,0,0,0,NA,"",NA
"12/10/2019","4352 BON SECOURS PKWY #B","280 Condominium","23233",339271,2019,"C+",1,0,"01 Yes",5,3,2,1,0,2509,0,0,0,NA,"",NA
"12/26/2019","4352 BON SECOURS PKWY #A","280 Condominium","23233",289655,2019,"C+",1,0,"01 Yes",5,2,2,1,0,1570,0,0,0,NA,"",NA
"12/13/2019","4354 BON SECOURS PKWY #B","280 Condominium","23233",370000,2019,"C+",1,0,"01 Yes",5,3,2,1,0,2509,0,0,0,NA,"",NA
"12/19/2019","4354 BON SECOURS PKWY #A","280 Condominium","23233",305010,2019,"C+",1,0,"01 Yes",5,2,2,1,0,1570,0,0,0,NA,"",NA
"08/30/2019","4365 SAUNDERS STATION LOOP #B","280 Condominium","23233",370000,2019,"C+",1,0,"01 Yes",5,3,2,1,0,2509,0,0,0,NA,"",NA
"09/18/2019","4365 SAUNDERS STATION LOOP #A","280 Condominium","23233",319657,2019,"C+",1,0,"01 Yes",5,2,2,1,0,1570,0,0,0,NA,"",NA
"12/20/2019","4363 SAUNDERS STATION LOOP #B","280 Condominium","23233",335000,2019,"C+",1,0,"01 Yes",5,3,2,1,0,2509,0,0,0,NA,"",NA
"08/30/2019","4363 SAUNDERS STATION LOOP #A","280 Condominium","23233",293417,2019,"C+",1,0,"01 Yes",5,2,2,1,0,1570,0,0,0,NA,"",NA
"12/19/2019","4361 SAUNDERS STATION LOOP #B","280 Condominium","23233",338481,2019,"C+",1,0,"01 Yes",5,3,2,1,0,2509,0,0,0,NA,"",NA
"08/30/2019","4361 SAUNDERS STATION LOOP #A","280 Condominium","23233",293253,2019,"C+",1,0,"01 Yes",5,2,2,1,0,1570,0,0,0,NA,"",NA
"12/20/2019","4359 SAUNDERS STATION LOOP #B","280 Condominium","23233",334990,2019,"C+",1,0,"01 Yes",5,3,2,1,0,2509,0,0,0,NA,"",NA
"12/07/2020","4359 SAUNDERS STATION LOOP #A","280 Condominium","23233-7642",312500,2019,"C+",1,0,"01 Yes",5,2,2,1,0,1570,0,0,0,NA,"",NA
"11/26/2019","4357 SAUNDERS STATION LOOP #B","280 Condominium","23233",357000,2019,"C+",1,0,"01 Yes",5,3,2,1,0,2509,0,0,0,NA,"",NA
"11/14/2019","4357 SAUNDERS STATION LOOP #A","280 Condominium","23233",295000,2019,"C+",1,0,"01 Yes",5,2,2,1,0,1570,0,0,0,NA,"",NA
"05/20/2019","4341 SAUNDERS STATION LOOP #B","280 Condominium","27214",362151,2019,"C+",1,0,"01 Yes",5,3,2,1,0,2509,0,0,0,NA,"",NA
"04/25/2019","4341 SAUNDERS STATION LOOP #A","280 Condominium","23233",300810,2019,"C+",1,0,"01 Yes",5,2,2,1,0,1570,0,0,0,NA,"",NA
"06/19/2019","4343 SAUNDERS STATION LOOP #B","280 Condominium","23233",345666,2019,"C+",1,0,"01 Yes",5,3,2,1,0,2509,0,0,0,NA,"",NA
"04/16/2019","4343 SAUNDERS STATION LOOP #A","280 Condominium","23233",292810,2019,"C+",1,0,"01 Yes",5,2,2,1,0,1570,0,0,0,NA,"",NA
"06/17/2019","4345 SAUNDERS STATION LOOP #B","280 Condominium","23233",352651,2019,"C+",1,0,"01 Yes",5,3,2,1,0,2509,0,0,0,NA,"",NA
"04/29/2019","4345 SAUNDERS STATION LOOP #A","280 Condominium","23233",298561,2019,"C+",1,0,"01 Yes",5,2,2,1,0,1570,0,0,0,NA,"",NA
"06/28/2019","4347 SAUNDERS STATION LOOP #B","280 Condominium","23233",347151,2019,"C+",1,0,"01 Yes",5,3,2,1,0,2509,0,0,0,NA,"",NA
"06/25/2019","4347 SAUNDERS STATION LOOP #A","280 Condominium","23223",299625,2019,"C+",1,0,"01 Yes",5,2,2,1,0,1570,0,0,0,NA,"",NA
"06/10/2019","4349 SAUNDERS STATION LOOP #B","280 Condominium","23233",346061,2019,"C+",1,0,"01 Yes",5,3,2,1,0,2509,0,0,0,NA,"",NA
"06/28/2019","4349 SAUNDERS STATION LOOP #A","280 Condominium","23233",293810,2019,"C+",1,0,"01 Yes",5,2,2,1,0,1570,0,0,0,NA,"",NA
"06/18/2019","4351 SAUNDERS STATION LOOP #B","280 Condominium","23233",347496,2019,"C+",1,0,"01 Yes",5,3,2,1,0,2509,0,0,0,NA,"",NA
"06/28/2019","4351 SAUNDERS STATION LOOP #A","280 Condominium","23233",299125,2019,"C+",1,0,"01 Yes",5,2,2,1,0,1570,0,0,0,NA,"",NA
"12/31/2019","4353 SAUNDERS STATION LOOP #B","280 Condominium","23233",353561,2019,"C+",1,0,"01 Yes",5,3,2,1,0,2509,0,0,0,NA,"",NA
"07/01/2019","4353 SAUNDERS STATION LOOP #A","280 Condominium","23233",311810,2019,"C+",1,0,"01 Yes",5,2,2,1,0,1570,0,0,0,NA,"",NA
"04/25/2019","4320 SAUNDERS STATION LOOP #B","280 Condominium","23233",364360,2018,"C+",1,0,"01 Yes",5,3,2,1,0,2509,0,0,0,NA,"",NA
"11/30/2018","4320 SAUNDERS STATION LOOP #A","280 Condominium","23233",301758,2018,"C+",1,0,"01 Yes",5,2,2,1,0,1570,0,0,0,NA,"",NA
"06/10/2019","4322 SAUNDERS STATION LOOP #B","280 Condominium","23233",352731,2018,"C+",1,0,"01 Yes",5,3,2,1,0,2509,0,0,0,NA,"",NA
"03/01/2019","4322 SAUNDERS STATION LOOP #A","280 Condominium","23233",288300,2018,"C+",1,0,"01 Yes",5,2,2,1,0,1570,0,0,0,NA,"",NA
"10/16/2019","4324 SAUNDERS STATION LOOP #B","280 Condominium","23233",339000,2018,"C+",1,0,"01 Yes",5,3,2,1,0,2509,0,0,0,NA,"",NA
"02/19/2019","4324 SAUNDERS STATION LOOP #A","280 Condominium","23233",279990,2018,"C+",1,0,"01 Yes",5,2,2,1,0,1570,0,0,0,NA,"",NA
"11/27/2018","4326 SAUNDERS STATION LOOP #B","280 Condominium","65809-1624",346656,2018,"C+",1,0,"01 Yes",5,3,2,1,0,2509,0,0,0,NA,"",NA
"12/27/2018","4326 SAUNDERS STATION LOOP #A","280 Condominium","23233",282930,2018,"C+",1,0,"01 Yes",5,2,2,1,0,1570,0,0,0,NA,"",NA
"02/27/2019","4328 SAUNDERS STATION LOOP #B","280 Condominium","23233",341336,2018,"C+",1,0,"01 Yes",5,3,2,1,0,2509,0,0,0,NA,"",NA
"03/01/2019","4328 SAUNDERS STATION LOOP #A","280 Condominium","23233",277000,2018,"C+",1,0,"01 Yes",5,2,2,1,0,1570,0,0,0,NA,"",NA
"02/07/2020","4330 SAUNDERS STATION LOOP #B","280 Condominium","23233",346000,2018,"C+",1,0,"01 Yes",5,3,2,1,0,2509,0,0,0,NA,"",NA
"11/28/2018","4330 SAUNDERS STATION LOOP #A","280 Condominium","23233",301168,2018,"C+",1,0,"01 Yes",5,2,2,1,0,1570,0,0,0,NA,"",NA
"05/22/2019","4332 SAUNDERS STATION LOOP #B","280 Condominium","23233",363000,2018,"C+",1,0,"01 Yes",5,3,2,1,0,2509,0,0,0,NA,"",NA
"12/21/2018","4332 SAUNDERS STATION LOOP #A","280 Condominium","23233",294990,2018,"C+",1,0,"01 Yes",5,2,2,1,0,1570,0,0,0,NA,"",NA
"12/17/2019","4346 BON SECOURS PKWY #B","280 Condominium","23233",368000,2018,"C+",1,0,"01 Yes",5,3,2,1,0,2509,0,0,0,NA,"",NA
"12/11/2019","4346 BON SECOURS PKWY #A","280 Condominium","23233",306000,2018,"C+",1,0,"01 Yes",5,2,2,1,0,1570,0,0,0,NA,"",NA
"08/26/2019","4344 BON SECOURS PKWY #B","280 Condominium","23233",344886,2018,"C+",1,0,"01 Yes",5,3,2,1,0,2509,0,0,0,NA,"",NA
"12/13/2018","4344 BON SECOURS PKWY #A","280 Condominium","23233",270990,2018,"C+",1,0,"01 Yes",5,2,2,1,0,1570,0,0,0,NA,"",NA
"09/25/2019","4342 BON SECOURS PKWY #B","280 Condominium","23233",325000,2018,"C+",1,0,"01 Yes",5,3,2,1,0,2509,0,0,0,NA,"",NA
"06/27/2019","4340 BON SECOURS PKWY #B","280 Condominium","23233",335000,2018,"C+",1,0,"01 Yes",5,3,2,1,0,2509,0,0,0,NA,"",NA
"10/16/2018","4340 BON SECOURS PKWY #A","280 Condominium","23233",281405,2018,"C+",1,0,"01 Yes",5,2,2,1,0,1570,0,0,0,NA,"",NA
"12/28/2018","4338 BON SECOURS PKWY #B","280 Condominium","23233",325000,2018,"C+",1,0,"01 Yes",5,3,2,1,0,2509,0,0,0,NA,"",NA
"11/14/2018","4338 BON SECOURS PKWY #A","280 Condominium","23233",275000,2018,"C+",1,0,"01 Yes",5,2,2,1,0,1570,0,0,0,NA,"",NA
"11/27/2018","4336 BON SECOURS PKWY #B","280 Condominium","23233",319396,2018,"C+",1,0,"01 Yes",5,3,2,1,0,2509,0,0,0,NA,"",NA
"12/12/2018","4336 BON SECOURS PKWY #A","280 Condominium","23233",291670,2018,"C+",1,0,"01 Yes",5,2,2,1,0,1570,0,0,0,NA,"",NA
"05/29/2019","4334 BON SECOURS PKWY #B","280 Condominium","23233",339015,2018,"C+",1,0,"01 Yes",5,3,2,1,0,2509,0,0,0,NA,"",NA
"12/21/2018","4334 BON SECOURS PKWY #A","280 Condominium","23233",281000,2018,"C+",1,0,"01 Yes",5,2,2,1,0,1570,0,0,0,NA,"",NA
"10/22/2018","4332 BON SECOURS PKWY #B","280 Condominium","23233",362441,2018,"C+",1,0,"01 Yes",5,3,2,1,0,2509,0,0,0,NA,"",NA
"01/30/2019","4332 BON SECOURS PKWY #A","280 Condominium","23233",284990,2018,"C+",1,0,"01 Yes",5,2,2,1,0,1570,0,0,0,NA,"",NA
"10/20/2020","4301 BROAD HILL DR #B","280 Condominium","23233",380000,2018,"C+",1,0,"01 Yes",5,3,2,1,0,2509,0,0,0,NA,"",NA
"06/08/2018","4301 BROAD HILL DR #A","280 Condominium","23233",295508,2018,"C+",1,0,"01 Yes",5,2,2,1,0,1570,0,0,0,NA,"",NA
"06/29/2020","4303 BROAD HILL DR #B","280 Condominium","23233",358500,2018,"C+",1,0,"01 Yes",5,3,2,1,0,2509,0,0,0,NA,"",NA
"05/22/2018","4303 BROAD HILL DR #A","280 Condominium","23233",280426,2018,"C+",1,0,"01 Yes",5,2,2,1,0,1570,0,0,0,NA,"",NA
"06/29/2018","4305 BROAD HILL DR #B","280 Condominium","23233",337294,2018,"C+",1,0,"01 Yes",5,3,2,1,0,2509,0,0,0,NA,"",NA
"05/25/2018","4305 BROAD HILL DR #A","280 Condominium","23233",285157,2018,"C+",1,0,"01 Yes",5,2,2,1,0,1570,0,0,0,NA,"",NA
"04/01/2019","4307 BROAD HILL DR #B","280 Condominium","23233",319113,2018,"C+",1,0,"01 Yes",5,3,2,1,0,2509,0,0,0,NA,"",NA
"06/18/2018","4307 BROAD HILL DR #A","280 Condominium","23233",277416,2018,"C+",1,0,"01 Yes",5,2,2,1,0,1570,0,0,0,NA,"",NA
"09/25/2018","4309 BROAD HILL DR #B","280 Condominium","23233",319000,2018,"C+",1,0,"01 Yes",5,3,2,1,0,2509,0,0,0,NA,"",NA
"06/28/2018","4309 BROAD HILL DR #A","280 Condominium","23233",279990,2018,"C+",1,0,"01 Yes",5,2,2,1,0,1570,0,0,0,NA,"",NA
"10/30/2020","4311 BROAD HILL DR #B","280 Condominium","23120",353000,2018,"C+",1,0,"01 Yes",5,3,2,1,0,2509,0,0,0,NA,"",NA
"03/02/2020","4311 BROAD HILL DR #A","280 Condominium","23294",290000,2018,"C+",1,0,"01 Yes",5,2,2,1,0,1570,0,0,0,NA,"",NA
"06/26/2018","4313 BROAD HILL DR #B","280 Condominium","23233",340020,2018,"C+",1,0,"01 Yes",5,3,2,1,0,2509,0,0,0,NA,"",NA
"09/15/2020","4313 BROAD HILL DR #A","280 Condominium","23233",305000,2018,"C+",1,0,"01 Yes",5,2,2,1,0,1570,0,0,0,NA,"",NA
"04/26/2018","4315 BROAD HILL DR #B","280 Condominium","23233",374936,2018,"C+",1,0,"01 Yes",5,3,2,1,0,2509,0,0,0,NA,"",NA
"06/06/2018","4315 BROAD HILL DR #A","280 Condominium","23233",302718,2018,"C+",1,0,"01 Yes",5,2,2,1,0,1570,0,0,0,NA,"",NA
"04/27/2018","4328 BON SECOURS PKWY #B","280 Condominium","19006",354886,2017,"C+",1,0,"01 Yes",5,3,2,1,0,2509,0,0,0,NA,"",NA
"04/24/2018","4328 BON SECOURS PKWY #A","280 Condominium","23233",296230,2017,"C+",1,0,"01 Yes",5,2,2,1,0,1570,0,0,0,NA,"",NA
"06/28/2018","4326 BON SECOURS PKWY #B","280 Condominium","23233",332828,2017,"C+",1,0,"01 Yes",5,3,2,1,0,2509,0,0,0,NA,"",NA
"05/17/2018","4326 BON SECOURS PKWY #A","280 Condominium","23233",279575,2017,"C+",1,0,"01 Yes",5,2,2,1,0,1570,0,0,0,NA,"",NA
"05/15/2018","4324 BON SECOURS PKWY #B","280 Condominium","23233",335308,2017,"C+",1,0,"01 Yes",5,3,2,1,0,2509,0,0,0,NA,"",NA
"05/15/2018","4324 BON SECOURS PKWY #A","280 Condominium","23233",282015,2017,"C+",1,0,"01 Yes",5,2,2,1,0,1570,0,0,0,NA,"",NA
"12/15/2017","4322 BON SECOURS PKWY #B","280 Condominium","23233",340498,2017,"C+",1,0,"01 Yes",5,3,2,1,0,2509,0,0,0,NA,"",NA
"11/18/2019","4322 BON SECOURS PKWY #A","280 Condominium","23233",295750,2017,"C+",1,0,"01 Yes",5,2,2,1,0,1570,0,0,0,NA,"",NA
"04/26/2018","4320 BON SECOURS PKWY #B","280 Condominium","23233",333066,2017,"C+",1,0,"01 Yes",5,3,2,1,0,2509,0,0,0,NA,"",NA
"03/29/2018","4320 BON SECOURS PKWY #A","280 Condominium","23233",274430,2017,"C+",1,0,"01 Yes",5,2,2,1,0,1570,0,0,0,NA,"",NA
"12/13/2017","4318 BON SECOURS PKWY #B","280 Condominium","23233-7818",366045,2017,"C+",1,0,"01 Yes",5,3,2,1,0,2509,0,0,0,NA,"",NA
"12/28/2017","4318 BON SECOURS PKWY #A","280 Condominium","23233",292990,2017,"C+",1,0,"01 Yes",5,2,2,1,0,1570,0,0,0,NA,"",NA
"11/29/2017","4250 BROAD HILL DR #B","280 Condominium","23233",353488,2017,"C+",1,0,"01 Yes",5,3,2,1,0,2509,0,0,0,NA,"",NA
"12/15/2017","4250 BROAD HILL DR #A","280 Condominium","23233",280000,2017,"C+",1,0,"01 Yes",5,2,2,1,0,1570,0,0,0,NA,"",NA
"09/25/2018","4248 BROAD HILL DR #B","280 Condominium","23233",324990,2017,"C+",1,0,"01 Yes",5,3,2,1,0,2509,0,0,0,NA,"",NA
"11/22/2017","4248 BROAD HILL DR #A","280 Condominium","23233",292550,2017,"C+",1,0,"01 Yes",5,2,2,1,0,1570,0,0,0,NA,"",NA
"12/16/2020","4246 BROAD HILL DR #B","280 Condominium","23233",350000,2017,"C+",1,0,"01 Yes",5,3,2,1,0,2509,0,0,0,NA,"",NA
"04/23/2018","4246 BROAD HILL DR #A","280 Condominium","23233",269990,2017,"C+",1,0,"01 Yes",5,2,2,1,0,1570,0,0,0,NA,"",NA
"03/19/2018","4244 BROAD HILL DR #B","280 Condominium","23233",319000,2017,"C+",1,0,"01 Yes",5,3,2,1,0,2509,0,0,0,NA,"",NA
"03/02/2018","4244 BROAD HILL DR #A","280 Condominium","23233",269990,2017,"C+",1,0,"01 Yes",5,2,2,1,0,1570,0,0,0,NA,"",NA
"12/11/2017","4242 BROAD HILL DR #B","280 Condominium","23233",320000,2017,"C+",1,0,"01 Yes",5,3,2,1,0,2509,0,0,0,NA,"",NA
"01/26/2018","4242 BROAD HILL DR #A","280 Condominium","23233",265000,2017,"C+",1,0,"01 Yes",5,2,2,1,0,1570,0,0,0,NA,"",NA
"10/26/2020","4240 BROAD HILL DR #B","280 Condominium","23233-7642",363000,2017,"C+",1,0,"01 Yes",5,3,2,1,0,2509,0,0,0,NA,"",NA
"03/30/2018","4240 BROAD HILL DR #A","280 Condominium","23233",289815,2017,"C+",1,0,"01 Yes",5,2,2,1,0,1570,0,0,0,NA,"",NA
"09/27/2017","4300 BON SECOURS PKWY #B","280 Condominium","23233",352943,2017,"C+",1,0,"01 Yes",5,3,2,1,0,2509,0,0,0,NA,"",NA
"09/29/2017","4300 BON SECOURS PKWY #A","280 Condominium","23233",295450,2017,"C+",1,0,"01 Yes",5,2,2,1,0,1570,0,0,0,NA,"",NA
"09/28/2017","4302 BON SECOURS PKWY #B","280 Condominium","23233",341786,2017,"C+",1,0,"01 Yes",5,3,2,1,0,2509,0,0,0,NA,"",NA
"03/17/2020","4302 BON SECOURS PKWY #A","280 Condominium","23233",311000,2017,"C+",1,0,"01 Yes",5,2,2,1,0,1570,0,0,0,NA,"",NA
"09/25/2017","4304 BON SECOURS PKWY #B","280 Condominium","23233",341211,2017,"C+",1,0,"01 Yes",5,3,2,1,0,2509,0,0,0,NA,"",NA
"09/25/2017","4304 BON SECOURS PKWY #A","280 Condominium","23233",283765,2017,"C+",1,0,"01 Yes",5,2,2,1,0,1570,0,0,0,NA,"",NA
"09/22/2017","4306 BON SECOURS PKWY #B","280 Condominium","23233",348014,2017,"C+",1,0,"01 Yes",5,3,2,1,0,2509,0,0,0,NA,"",NA
"10/26/2017","4306 BON SECOURS PKWY #A","280 Condominium","23233",284420,2017,"C+",1,0,"01 Yes",5,2,2,1,0,1570,0,0,0,NA,"",NA
"09/20/2017","4308 BON SECOURS PKWY #B","280 Condominium","34243",342633,2017,"C+",1,0,"01 Yes",5,3,2,1,0,2509,0,0,0,NA,"",NA
"10/26/2017","4308 BON SECOURS PKWY #A","280 Condominium","23233",285565,2017,"C+",1,0,"01 Yes",5,2,2,1,0,1570,0,0,0,NA,"",NA
"09/28/2017","4310 BON SECOURS PKWY #B","280 Condominium","23233",350046,2017,"C+",1,0,"01 Yes",5,3,2,1,0,2509,0,0,0,NA,"",NA
"04/17/2018","4310 BON SECOURS PKWY #A","280 Condominium","23233",269990,2017,"C+",1,0,"01 Yes",5,2,2,1,0,1570,0,0,0,NA,"",NA
"09/19/2017","4312 BON SECOURS PKWY #B","280 Condominium","23233",327360,2017,"C+",1,0,"01 Yes",5,3,2,1,0,2509,0,0,0,NA,"",NA
"09/19/2017","4312 BON SECOURS PKWY #A","280 Condominium","23233",304499,2017,"C+",1,0,"01 Yes",5,2,2,1,0,1570,0,0,0,NA,"",NA
"09/28/2017","4314 BON SECOURS PKWY #B","280 Condominium","23233",369604,2017,"C+",1,0,"01 Yes",5,3,2,1,0,2509,0,0,0,NA,"",NA
"10/19/2017","4314 BON SECOURS PKWY #A","280 Condominium","23233",301700,2017,"C+",1,0,"01 Yes",5,2,2,1,0,1570,0,0,0,NA,"",NA
"06/30/2017","4220 BON SECOURS PKWY #B","280 Condominium","23233",335709,2017,"C+",1,0,"01 Yes",5,3,2,1,0,2509,0,0,0,NA,"",NA
"09/30/2019","4220 BON SECOURS PKWY #A","280 Condominium","23233",297500,2017,"C+",1,0,"01 Yes",5,2,2,1,0,1570,0,0,0,NA,"",NA
"06/16/2017","4222 BON SECOURS PKWY #B","280 Condominium","23832-2087",328824,2017,"C+",1,0,"01 Yes",5,3,2,1,0,2509,0,0,0,NA,"",NA
"06/15/2017","4222 BON SECOURS PKWY #A","280 Condominium","23233",295856,2017,"C+",1,0,"01 Yes",5,2,2,1,0,1570,0,0,0,NA,"",NA
"06/27/2017","4224 BON SECOURS PKWY #B","280 Condominium","23059",347464,2017,"C+",1,0,"01 Yes",5,3,2,1,0,2509,0,0,0,NA,"",NA
"06/16/2017","4224 BON SECOURS PKWY #A","280 Condominium","23233",308200,2017,"C+",1,0,"01 Yes",5,2,2,1,0,1570,0,0,0,NA,"",NA
"06/27/2017","4226 BON SECOURS PKWY #B","280 Condominium","23233",332974,2017,"C+",1,0,"01 Yes",5,3,2,1,0,2509,0,0,0,NA,"",NA
"03/17/2020","4226 BON SECOURS PKWY #A","280 Condominium","23233",297500,2017,"C+",1,0,"01 Yes",5,3,2,1,0,1570,0,0,0,NA,"",NA
"06/28/2017","4228 BON SECOURS PKWY #B","280 Condominium","23233",331811,2017,"C+",1,0,"01 Yes",5,3,2,1,0,2509,0,0,0,NA,"",NA
"07/07/2017","4228 BON SECOURS PKWY #A","280 Condominium","23233",280775,2017,"C+",1,0,"01 Yes",5,3,2,1,0,1570,0,0,0,NA,"",NA
"04/01/2020","4230 BON SECOURS PKWY #B","280 Condominium","23233-7642",369000,2017,"C+",1,0,"01 Yes",5,3,2,1,0,2509,0,0,0,NA,"",NA
"12/29/2016","4231 SAUNDERS TAVERN TRL #B","280 Condominium","23233",343368,2016,"C+",1,0,"01 Yes",5,3,2,1,0,2509,0,0,0,NA,"",NA
"10/13/2020","4229 SAUNDERS TAVERN TRL #B","280 Condominium","23059",340000,2016,"C+",1,0,"01 Yes",5,3,2,1,0,2509,0,0,0,NA,"",NA
"01/03/2017","4229 SAUNDERS TAVERN TRL #A","280 Condominium","23233",286498,2016,"C+",1,0,"01 Yes",5,2,2,1,0,1570,0,0,0,NA,"",NA
"01/23/2017","4227 SAUNDERS TAVERN TRL #B","280 Condominium","23059",321765,2016,"C+",1,0,"01 Yes",5,3,2,1,0,2509,0,0,0,NA,"",NA
"01/09/2017","4227 SAUNDERS TAVERN TRL #A","280 Condominium","23233",284365,2016,"C+",1,0,"01 Yes",5,2,2,1,0,1570,0,0,0,NA,"",NA
"07/03/2019","4225 SAUNDERS TAVERN TRL #B","280 Condominium","23233",327000,2016,"C+",1,0,"01 Yes",5,3,2,1,0,2509,0,0,0,NA,"",NA
"01/03/2017","4225 SAUNDERS TAVERN TRL #A","280 Condominium","23233",283060,2016,"C+",1,0,"01 Yes",5,2,2,1,0,1570,0,0,0,NA,"",NA
"01/06/2017","4223 SAUNDERS TAVERN TRL #B","280 Condominium","23233",358979,2016,"C+",1,0,"01 Yes",5,3,2,1,0,2509,0,0,0,NA,"",NA
"06/01/2017","4223 SAUNDERS TAVERN TRL #A","280 Condominium","23233",276570,2017,"C+",1,0,"01 Yes",5,2,2,1,0,1570,0,0,0,NA,"",NA
"12/28/2018","4221 SAUNDERS TAVERN TRL #A","280 Condominium","23233",280000,2017,"C+",1,0,"01 Yes",5,2,2,1,0,1570,0,0,0,NA,"",NA
"11/29/2016","4215 SAUNDERS TAVERN TRL #B","280 Condominium","23233",328210,2016,"C+",1,0,"01 Yes",5,3,2,1,0,2509,0,0,0,NA,"",NA
"12/23/2020","4215 SAUNDERS TAVERN TRL #A","280 Condominium","23233-7642",313500,2016,"C+",1,0,"01 Yes",5,2,2,1,0,1570,0,0,0,NA,"",NA
"07/23/2018","4213 SAUNDERS TAVERN TRL #A","280 Condominium","23233",278000,2016,"C+",1,0,"01 Yes",5,2,2,1,0,1570,0,0,0,NA,"",NA
"12/01/2016","4211 SAUNDERS TAVERN TRL #B","280 Condominium","23233",333294,2016,"C+",1,0,"01 Yes",5,3,2,1,0,2509,0,0,0,NA,"",NA
"12/29/2016","4211 SAUNDERS TAVERN TRL #A","280 Condominium","23970",262635,2016,"C+",1,0,"01 Yes",5,2,2,1,0,1570,0,0,0,NA,"",NA
"12/07/2016","4209 SAUNDERS TAVERN TRL #B","280 Condominium","23233",306349,2016,"C+",1,0,"01 Yes",5,3,2,1,0,2509,0,0,0,NA,"",NA
"12/07/2016","4209 SAUNDERS TAVERN TRL #A","280 Condominium","23233",299017,2016,"C+",1,0,"01 Yes",5,2,2,1,0,1570,0,0,0,NA,"",NA
"01/03/2017","4207 SAUNDERS TAVERN TRL #B","280 Condominium","23233",310055,2016,"C+",1,0,"01 Yes",5,3,2,1,0,2509,0,0,0,NA,"",NA
"12/09/2016","4207 SAUNDERS TAVERN TRL #A","280 Condominium","23233",265720,2016,"C+",1,0,"01 Yes",5,2,2,1,0,1570,0,0,0,NA,"",NA
"12/19/2016","4205 SAUNDERS TAVERN TRL #B","280 Condominium","23233",322101,2016,"C+",1,0,"01 Yes",5,3,2,1,0,2509,0,0,0,NA,"",NA
"12/23/2020","4203 SAUNDERS TAVERN TRL #B","280 Condominium","23233-2234",356000,2016,"C+",1,0,"01 Yes",5,3,2,1,0,2509,0,0,0,NA,"",NA
"12/12/2016","4201 SAUNDERS TAVERN TRL #B","280 Condominium","23233",337705,2016,"C+",1,0,"01 Yes",5,3,2,1,0,2509,0,0,0,NA,"",NA
"06/02/2017","4201 SAUNDERS TAVERN TRL #A","280 Condominium","23233",282000,2017,"C+",1,0,"01 Yes",5,2,2,1,0,1570,0,0,0,NA,"",NA
"10/19/2020","4200 BON SECOURS PKWY #B","280 Condominium","23233-7642",355000,2016,"C+",1,0,"01 Yes",5,3,2,1,0,2509,0,0,0,NA,"",NA
"01/31/2017","4200 BON SECOURS PKWY #A","280 Condominium","23233",276990,2016,"C+",1,0,"01 Yes",5,2,2,1,0,1570,0,0,0,NA,"",NA
"03/17/2017","4202 BON SECOURS PKWY #A","280 Condominium","23233",262990,2016,"C+",1,0,"01 Yes",5,2,2,1,0,1570,0,0,0,NA,"",NA
"06/21/2018","4204 BON SECOURS PKWY #B","280 Condominium","23233",309900,2016,"C+",1,0,"01 Yes",5,3,2,1,0,2509,0,0,0,NA,"",NA
"10/31/2016","4204 BON SECOURS PKWY #A","280 Condominium","23233",261100,2016,"C+",1,0,"01 Yes",5,2,2,1,0,1570,0,0,0,NA,"",NA
"11/09/2016","4206 BON SECOURS PKWY #B","280 Condominium","23233",299348,2016,"C+",1,0,"01 Yes",5,3,2,1,0,2509,0,0,0,NA,"",NA
"10/31/2016","4206 BON SECOURS PKWY #A","280 Condominium","23233",274101,2016,"C+",1,0,"01 Yes",5,2,2,1,0,1570,0,0,0,NA,"",NA
"11/09/2016","4208 BON SECOURS PKWY #B","280 Condominium","23233",321392,2016,"C+",1,0,"01 Yes",5,3,2,1,0,2509,0,0,0,NA,"",NA
"11/02/2016","4208 BON SECOURS PKWY #A","280 Condominium","23233",275620,2016,"C+",1,0,"01 Yes",5,2,2,1,0,1570,0,0,0,NA,"",NA
"04/29/2020","12448 GRAHAM MEADOWS DR","210 Res - Subd (1 Fam)","23233-6620",419000,1999,"C+",1,0,"01 Yes",8,4,2,1,1,2503,0,0,0,0,"1 Crawl",0
"05/17/2012","12452 GRAHAM MEADOWS DR","210 Res - Subd (1 Fam)","23233",280000,1999,"C+",1,0,"01 Yes",7,4,2,1,0,2131,0,0,0,0,"1 Crawl",0
"07/21/2016","12456 GRAHAM MEADOWS DR","210 Res - Subd (1 Fam)","23233",333000,1998,"C+",1,0,"01 Yes",8,4,3,0,1,2270,0,0,0,0,"1 Crawl",0
"09/02/2014","12464 GRAHAM MEADOWS DR","210 Res - Subd (1 Fam)","23233",370000,1997,"C+",1,0,"01 Yes",8,4,2,1,1,2813,0,0,0,0,"1 Crawl",0
"10/21/2016","12461 GRAHAM MEADOWS DR","210 Res - Subd (1 Fam)","23233",290000,1999,"C+",1,0,"01 Yes",6,3,2,0,1,1718,0,0,0,0,"1 Crawl",0
"01/19/2016","4004 GRAHAM MEADOWS CT","210 Res - Subd (1 Fam)","23233",340000,1998,"C+",1,0,"01 Yes",9,4,2,1,1,2360,0,0,0,0,"1 Crawl",0
"05/17/2018","3524 GRAHAM MEADOWS PL","210 Res - Subd (1 Fam)","23233",385000,1998,"C+",1,1,"01 Yes",8,4,2,1,1,2313,0,0,0,0,"1 Crawl",0
"12/01/2020","4012 GRAHAM MEADOWS CT","210 Res - Subd (1 Fam)","23233-6657",510000,1999,"C+",1,0,"01 Yes",9,5,3,1,1,3114,0,0,0,0,"1 Crawl",0
"05/16/2014","12429 GRAHAM MEADOWS DR","210 Res - Subd (1 Fam)","23233",374000,1998,"C+",1,0,"01 Yes",10,4,2,1,1,2856,0,0,0,0,"1 Crawl",0
"05/31/2019","12413 GAYTON STATION BLVD","210 Res - Subd (1 Fam)","23233",375000,1995,"C+",1,0,"01 Yes",8,4,3,1,1,2206,0,0,0,0,"1 Crawl",0
"07/31/2020","12433 GRAHAM MEADOWS DR","210 Res - Subd (1 Fam)","23233-6660",383500,1999,"C+",1,0,"01 Yes",7,3,2,1,0,2385,0,0,0,0,"1 Crawl",0
"04/01/2020","12424 GAYTON STATION BLVD","210 Res - Subd (1 Fam)","23233-6650",350950,1995,"C+",1,0,"01 Yes",6,3,2,1,1,2014,0,0,0,0,"1 Crawl",0
"10/03/2014","12436 GRAHAM MEADOWS DR","210 Res - Subd (1 Fam)","23233",304000,1999,"C+",1,0,"01 Yes",6,3,2,0,1,1920,0,0,0,0,"1 Crawl",0
"09/06/2016","12417 GAYTON STATION BLVD","210 Res - Subd (1 Fam)","23233",3e+05,1995,"C+",1,0,"01 Yes",7,4,2,1,1,1968,0,0,0,0,"1 Crawl",0
"06/01/2018","12437 GRAHAM MEADOWS DR","210 Res - Subd (1 Fam)","23233",315000,1999,"C+",1,0,"01 Yes",6,3,2,0,1,1706,0,0,0,0,"1 Crawl",0
"02/13/2015","12440 GRAHAM MEADOWS DR","210 Res - Subd (1 Fam)","23233",365000,1999,"C+",1,0,"01 Yes",7,4,2,1,0,2527,0,0,0,0,"1 Crawl",0
"03/01/2016","12432 GAYTON STATION BLVD","210 Res - Subd (1 Fam)","23233",230000,1995,"C+",1,0,"01 Yes",8,4,2,1,1,2260,0,0,0,0,"1 Crawl",0
"09/27/2019","12429 GAYTON STATION BLVD","210 Res - Subd (1 Fam)","23233",319000,1995,"C+",1,0,"01 Yes",6,4,2,1,1,1642,0,0,0,0,"1 Crawl",0
"07/11/2019","12400 GAYTON MEADOWS PL","210 Res - Subd (1 Fam)","23233",335000,1994,"C+",1,0,"01 Yes",8,4,2,1,1,1978,0,0,0,0,"1 Crawl",0
"03/19/2015","12444 GRAHAM MEADOWS DR","210 Res - Subd (1 Fam)","23226",394950,1999,"C+",1,0,"01 Yes",8,4,2,1,1,2616,0,0,0,0,"1 Crawl",0
"03/28/2014","12445 GRAHAM MEADOWS DR","210 Res - Subd (1 Fam)","23233",308000,1998,"C+",1,0,"01 Yes",8,4,2,1,1,2326,0,0,0,0,"1 Crawl",0
"06/26/2015","3504 GAYTON DOWNS CT","210 Res - Subd (1 Fam)","23233",306000,1995,"C+",1,0,"01 Yes",7,4,2,1,1,2168,0,0,0,0,"1 Crawl",0
"05/03/2016","12440 GAYTON STATION BLVD","210 Res - Subd (1 Fam)","23233",295000,1995,"C+",1,0,"01 Yes",7,4,2,1,1,1843,0,0,0,0,"1 Crawl",0
"07/05/2016","3408 GAYTON MEADOWS TER","210 Res - Subd (1 Fam)","23242",284000,1994,"C+",1,0,"01 Yes",8,4,2,1,1,2153,0,0,0,0,"1 Crawl",0
"08/31/2016","12444 GAYTON STATION BLVD","210 Res - Subd (1 Fam)","23233-7625",289000,1995,"C+",1,0,"01 Yes",9,5,2,1,1,2116,0,0,0,0,"1 Crawl",0
"08/18/2014","3412 GAYTON MEADOWS TER","210 Res - Subd (1 Fam)","23233",270000,1994,"C+",1,0,"01 Yes",6,3,2,1,1,1724,0,0,0,0,"1 Crawl",0
"09/24/2012","12448 GAYTON STATION BLVD","210 Res - Subd (1 Fam)","23233",259000,1995,"C+",1,0,"01 Yes",8,4,2,1,1,1960,0,0,0,0,"1 Crawl",0
"06/11/2015","3416 GAYTON MEADOWS TER","210 Res - Subd (1 Fam)","23233",289500,1994,"C+",1,0,"01 Yes",6,4,2,1,1,1809,0,0,0,0,"1 Crawl",0
"06/21/2013","12445 GAYTON STATION BLVD","210 Res - Subd (1 Fam)","23233",297000,1996,"C+",1,0,"01 Yes",9,4,2,1,1,2155,0,0,0,0,"1 Crawl",0
"12/31/2013","3420 GAYTON MEADOWS TER","210 Res - Subd (1 Fam)","23233",268800,1994,"C+",1,0,"01 Yes",7,4,2,1,1,2102,0,0,0,0,"1 Crawl",0
"08/03/2017","3409 GAYTON MEADOWS TER","210 Res - Subd (1 Fam)","23233",312500,1994,"C+",1,1,"01 Yes",8,4,2,1,1,1978,0,0,0,0,"1 Crawl",0
"10/25/2012","12452 GAYTON STATION BLVD","210 Res - Subd (1 Fam)","23233",285000,1995,"C+",1,0,"01 Yes",7,4,2,1,1,2184,0,0,0,0,"1 Crawl",0
"06/17/2013","3424 GAYTON MEADOWS TER","210 Res - Subd (1 Fam)","23233",266000,1994,"C+",1,0,"01 Yes",8,4,2,1,1,2089,0,0,0,0,"1 Crawl",0
"06/27/2016","3413 GAYTON MEADOWS TER","210 Res - Subd (1 Fam)","23233",272000,1995,"C+",1,0,"01 Yes",7,4,2,1,1,1866,0,0,0,0,"1 Crawl",0
"08/01/2017","3417 GAYTON MEADOWS TER","210 Res - Subd (1 Fam)","22124-2129",240000,1994,"C+",1,0,"01 Yes",8,4,2,1,1,2134,0,0,0,0,"1 Crawl",0
"08/31/2012","3513 GRAHAM MEADOWS PL","210 Res - Subd (1 Fam)","23233",288000,1998,"C+",1,0,"01 Yes",8,4,2,1,1,2384,0,0,0,0,"1 Crawl",0
"05/29/2019","12460 GAYTON STATION BLVD","210 Res - Subd (1 Fam)","23233",335000,1995,"C+",1,0,"01 Yes",7,4,2,1,1,1831,0,0,0,0,"1 Crawl",0
"08/06/2012","3525 GRAHAM MEADOWS PL","210 Res - Subd (1 Fam)","23233",290000,1998,"C+",1,0,"01 Yes",7,4,2,1,1,2188,0,0,0,0,"1 Crawl",0
"10/15/2015","13605 HORSELYDOWN LN","210 Res - Subd (1 Fam)","23233",362500,1989,"B+",2,0,"01 Yes",9,5,2,1,1,2436,0,0,0,0,"1 Crawl",0
"02/09/2015","3409 PRISCILLA CT","210 Res - Subd (1 Fam)","23233",252099,1993,"C+",1,0,"01 Yes",8,4,2,1,1,2134,0,0,0,0,"1 Crawl",0
"04/17/2017","12417 GAYTON BLUFFS LN","210 Res - Subd (1 Fam)","23233",260000,1994,"C+",1,0,"01 Yes",6,3,2,1,1,1595,0,0,0,0,"1 Crawl",0
"03/09/2020","13609 HORSELYDOWN LN","210 Res - Subd (1 Fam)","23233",5e+05,1993,"B+",9,0,"01 Yes",9,5,2,1,1,3004,0,0,0,0,"1 Crawl",0
"05/01/2015","3401 PRISCILLA CT","210 Res - Subd (1 Fam)","23233",279000,1993,"C+",1,0,"01 Yes",8,4,2,1,1,1816,0,0,0,0,"1 Crawl",0
"05/02/2017","12421 GAYTON BLUFFS LN","210 Res - Subd (1 Fam)","23233",314000,1993,"C+",1,0,"01 Yes",7,4,2,1,1,1888,0,0,0,0,"1 Crawl",0
"12/17/2014","13613 HORSELYDOWN LN","210 Res - Subd (1 Fam)","23233",330000,1990,"B+",2,0,"01 Yes",8,4,2,1,1,2373,0,0,0,0,"1 Crawl",0
"04/29/2015","13617 HORSELYDOWN LN","210 Res - Subd (1 Fam)","23233",385000,1991,"B+",1,0,"01 Yes",8,4,2,1,1,2396,0,0,0,0,"1 Crawl",0
"05/17/2017","13625 HORSELYDOWN LN","210 Res - Subd (1 Fam)","23233",590000,1990,"B+",2,0,"01 Yes",10,5,3,1,1,3594,0,0,0,0,"1 Crawl",0
"07/31/2017","13629 HORSELYDOWN LN","210 Res - Subd (1 Fam)","23233",501500,1993,"B+",1,0,"01 Yes",9,5,3,1,1,2964,0,0,0,0,"1 Crawl",0
"10/16/2013","12501 GAYTON BLUFFS LN","210 Res - Subd (1 Fam)","23233",319950,1994,"C+",1,0,"01 Yes",9,4,2,1,1,2102,0,0,0,0,"1 Crawl",0
"09/09/2014","13633 HORSELYDOWN LN","210 Res - Subd (1 Fam)","23233",476000,1990,"B+",2,0,"01 Yes",10,4,3,1,1,2988,0,0,0,0,"1 Crawl",0
"06/10/2016","3405 GAYTON MEADOWS TER","210 Res - Subd (1 Fam)","23233",301500,1994,"C+",1,0,"01 Yes",8,4,2,1,1,2088,0,0,0,0,"1 Crawl",0
"09/28/2020","3401 GAYTON MEADOWS TER","210 Res - Subd (1 Fam)","23233-6649",350900,1994,"C+",1,0,"01 Yes",6,3,2,1,1,1978,0,0,0,0,"1 Crawl",0
"08/21/2013","13636 HORSELYDOWN LN","210 Res - Subd (1 Fam)","23233",425000,1995,"B+",2,0,"01 Yes",10,5,2,1,1,2903,0,0,0,0,"1 Crawl",0
"03/09/2020","12520 GAYTON BLUFFS LN","210 Res - Subd (1 Fam)","23233",290000,1993,"C+",1,0,"01 Yes",7,4,2,1,1,1731,0,0,0,0,"1 Crawl",0
"05/07/2019","12521 GAYTON BLUFFS LN","210 Res - Subd (1 Fam)","23233",372000,1993,"C+",1,0,"01 Yes",7,3,2,1,1,2374,0,0,0,0,"1 Crawl",0
"08/06/2013","3308 SWANHOLLOW CT","210 Res - Subd (1 Fam)","23233",422500,1993,"B+",2,0,"01 Yes",9,5,2,1,1,2898,0,0,0,0,"1 Crawl",0
"11/02/2012","3309 SWANHOLLOW CT","210 Res - Subd (1 Fam)","23233",283000,1990,"B+",2,1,"01 Yes",8,4,3,1,1,2519,0,0,0,0,"1 Crawl",0
"04/04/2019","13500 COTLEY LN","210 Res - Subd (1 Fam)","23233",515000,1992,"B+",2,0,"01 Yes",9,5,3,1,1,3161,0,0,0,0,"1 Crawl",0
"06/01/2016","3705 SOVEREIGN LN","210 Res - Subd (1 Fam)","23233",435000,1991,"B+",2,0,"01 Yes",8,4,2,1,1,2512,0,0,0,0,"1 Crawl",0
"11/02/2012","3721 SOVEREIGN LN","210 Res - Subd (1 Fam)","23233",449500,1995,"B+",1,0,"01 Yes",8,4,2,1,1,3196,0,0,0,0,"1 Crawl",0
"06/17/2019","3713 SOVEREIGN LN","210 Res - Subd (1 Fam)","23233",529000,1995,"A",2,0,"01 Yes",10,5,2,1,1,3178,0,0,0,0,"1 Crawl",0
"07/28/2017","3725 SOVEREIGN LN","210 Res - Subd (1 Fam)","23233",473500,1996,"B+",9,1,"01 Yes",9,5,2,1,1,2964,0,0,0,0,"1 Crawl",0
"11/20/2017","3701 SOVEREIGN LN","210 Res - Subd (1 Fam)","23233",499950,1994,"B+",2,0,"01 Yes",9,5,2,1,1,2938,0,0,0,0,"1 Crawl",0
"01/23/2019","3801 REYNARD CT","210 Res - Subd (1 Fam)","23233",520000,1992,"A",1,0,"01 Yes",8,4,2,1,1,3056,0,0,0,0,"1 Crawl",0
"05/15/2020","3700 SOVEREIGN LN","210 Res - Subd (1 Fam)","23233-7627",635000,1995,"B+",9,1,"01 Yes",11,6,4,1,1,3112,0,0,NA,NA,"4 Basement",0
"08/10/2016","3805 REYNARD CT","210 Res - Subd (1 Fam)","23233",490000,1992,"A",2,0,"01 Yes",10,4,2,1,1,3082,0,0,0,0,"1 Crawl",0
"07/08/2016","3809 REYNARD CT","210 Res - Subd (1 Fam)","23233",565000,1994,"A",2,0,"01 Yes",10,5,3,1,1,3064,0,0,NA,NA,"4 Basement",0
"08/31/2018","3704 SOVEREIGN LN","210 Res - Subd (1 Fam)","23233",578000,1991,"B+",9,0,"01 Yes",10,5,2,1,1,3342,0,0,0,0,"1 Crawl",0
"09/18/2020","3313 HORSELYDOWN CT","210 Res - Subd (1 Fam)","23233-7616",545000,1994,"B+",9,0,"01 Yes",8,4,2,1,1,2860,0,0,0,0,"1 Crawl",0
"04/30/2018","13609 SOVEREIGN CT","210 Res - Subd (1 Fam)","23233",480000,1994,"B+",9,0,"01 Yes",10,5,2,1,1,2792,0,0,0,0,"1 Crawl",0
"04/11/2014","13616 SOVEREIGN CT","210 Res - Subd (1 Fam)","23233",485000,1994,"B+",2,0,"01 Yes",8,4,2,1,1,3239,0,0,0,0,"1 Crawl",0
"07/24/2015","3817 REYNARD CT","210 Res - Subd (1 Fam)","23233",505000,1991,"A",9,0,"01 Yes",8,4,2,1,1,2904,0,0,0,0,"1 Crawl",0
"01/31/2013","13608 SOVEREIGN CT","210 Res - Subd (1 Fam)","23233",325000,1995,"B+",2,0,"01 Yes",9,4,3,0,1,2906,0,0,0,0,"1 Crawl",0
"09/25/2014","13601 SOVEREIGN CT","210 Res - Subd (1 Fam)","23227",515000,1996,"B+",2,0,"01 Yes",10,4,3,1,2,2874,0,0,NA,476,"4 Basement",2
"07/02/2019","13519 REYNARD LN","210 Res - Subd (1 Fam)","23233",585000,1994,"A",2,0,"01 Yes",9,4,3,1,2,3413,0,0,0,0,"1 Crawl",0
"12/20/2016","13604 SOVEREIGN CT","210 Res - Subd (1 Fam)","23233",442000,1995,"B+",9,0,"01 Yes",9,5,3,1,1,3210,0,0,0,0,"1 Crawl",0
"11/13/2015","3300 HORSELYDOWN CT","210 Res - Subd (1 Fam)","23233",425000,1995,"B+",9,0,"01 Yes",9,5,3,0,1,2776,0,0,0,0,"1 Crawl",0
"06/23/2015","13600 SOVEREIGN CT","210 Res - Subd (1 Fam)","23233",589950,1995,"B+",1,0,"01 Yes",11,6,4,1,1,4145,0,0,718,0,"1 Crawl",0
"05/09/2019","13333 COLLEGE VALLEY LN","210 Res - Subd (1 Fam)","23233",632500,1999,"A",1,0,"01 Yes",10,5,3,1,1,3767,0,0,0,0,"1 Crawl",0
"06/27/2018","13320 COLLEGE VALLEY LN","210 Res - Subd (1 Fam)","23233",635000,1999,"A",2,0,"01 Yes",11,5,3,1,1,3578,420,0,0,0,"1 Crawl",0
"04/01/2016","3800 COLLEGE VALLEY WAY","210 Res - Subd (1 Fam)","23233",450000,1993,"A",1,0,"01 Yes",10,4,2,1,1,3370,252,0,0,0,"1 Crawl",0
"07/31/2017","3808 REYNARD CT","210 Res - Subd (1 Fam)","23233",507000,1996,"A",2,0,"01 Yes",10,4,3,1,2,2788,0,0,NA,594,"4 Basement",2
"04/10/2017","13409 COLLEGE VALLEY LN","210 Res - Subd (1 Fam)","23233",571000,1994,"A",9,0,"01 Yes",10,5,3,1,1,3272,0,0,0,0,"1 Crawl",0
"04/17/2017","13412 COLLEGE VALLEY LN","210 Res - Subd (1 Fam)","23233",566000,1994,"A",3,1,"01 Yes",10,5,3,1,1,3765,0,0,0,0,"1 Crawl",0
"10/27/2020","3820 REYNARD CT","210 Res - Subd (1 Fam)","23233-7650",455000,1995,"A",2,1,"01 Yes",9,4,2,1,1,3680,128,0,576,0,"5 Combination",2
"08/03/2015","3817 HACKAMORE LN","210 Res - Subd (1 Fam)","23233",640000,1998,"A",2,0,"01 Yes",10,5,4,1,1,3872,0,0,0,0,"1 Crawl",0
"05/31/2012","13413 COLLEGE VALLEY LN","210 Res - Subd (1 Fam)","23233",530000,1993,"A",2,0,"01 Yes",9,5,4,1,1,3184,450,0,0,0,"1 Crawl",0
"05/02/2012","13417 COLLEGE VALLEY LN","210 Res - Subd (1 Fam)","23233",531000,1995,"A",2,0,"01 Yes",9,4,3,1,1,3460,0,0,576,0,"5 Combination",2
"11/07/2019","13512 REYNARD LN","210 Res - Subd (1 Fam)","23233",545000,1991,"A",2,0,"01 Yes",9,4,2,1,1,2982,221,0,0,0,"1 Crawl",2
"06/07/2013","13425 COLLEGE VALLEY LN","210 Res - Subd (1 Fam)","23233",550000,1995,"A",9,0,"01 Yes",9,4,3,1,1,3678,0,0,576,0,"5 Combination",2
"07/14/2020","4019 COLLEGE VALLEY CT","210 Res - Subd (1 Fam)","23233-7674",560000,1994,"A",1,0,"01 Yes",9,4,2,1,1,3044,0,0,0,0,"1 Crawl",0
"07/01/2019","13429 COLLEGE VALLEY LN","210 Res - Subd (1 Fam)","23233",515000,1994,"A",2,0,"01 Yes",9,5,2,1,1,2959,0,0,0,0,"1 Crawl",0
"08/27/2013","4008 COLLEGE VALLEY CT","210 Res - Subd (1 Fam)","23233",525000,1995,"A",2,1,"01 Yes",11,5,3,1,1,3341,0,0,0,0,"1 Crawl",0
"08/14/2018","3805 MAIDA CT","210 Res - Subd (1 Fam)","23233",619000,1997,"A",2,0,"01 Yes",11,5,3,1,1,3545,420,0,0,0,"1 Crawl",0
"11/16/2018","3812 SADDLESEAT CT","210 Res - Subd (1 Fam)","23233",735000,2001,"A",2,0,"01 Yes",10,6,5,1,2,4361,0,0,NA,846,"W Walkout Bsmt",2
"06/05/2019","13313 COLLEGE VALLEY LN","210 Res - Subd (1 Fam)","23233",585000,1998,"A",2,0,"01 Yes",8,4,3,1,1,3462,357,0,0,0,"1 Crawl",0
"12/03/2020","13316 COLLEGE VALLEY LN","210 Res - Subd (1 Fam)","23233-7682",627175,1999,"A",2,0,"01 Yes",10,5,3,1,1,3746,0,224,0,0,"1 Crawl",0
"11/28/2016","13309 COLLEGE VALLEY LN","210 Res - Subd (1 Fam)","23233",559900,1998,"A",1,0,"01 Yes",9,4,3,1,2,2788,0,850,NA,794,"4 Basement",2
"07/30/2013","13305 COLLEGE VALLEY LN","210 Res - Subd (1 Fam)","23233",615000,2000,"A",1,0,"01 Yes",11,5,3,2,1,3663,0,0,NA,540,"4 Basement",2
"05/30/2018","13308 COLLEGE VALLEY LN","210 Res - Subd (1 Fam)","23233",671500,1998,"A",2,0,"01 Yes",10,4,3,1,1,3550,476,0,0,0,"1 Crawl",0
"08/26/2015","13304 COLLEGE VALLEY LN","210 Res - Subd (1 Fam)","23233",660000,1998,"A",2,0,"01 Yes",11,5,4,1,1,4464,0,800,0,0,"1 Crawl",0
"06/04/2018","13300 COLLEGE VALLEY LN","210 Res - Subd (1 Fam)","23233",635000,1999,"A",1,0,"01 Yes",10,5,3,1,1,4169,0,0,0,0,"1 Crawl",0
"07/21/2017","12816 PENNMARDEL LN","210 Res - Subd (1 Fam)","23233",623000,2000,"A",2,0,"01 Yes",10,5,5,1,1,3991,0,0,0,0,"1 Crawl",0
"11/04/2016","3813 HACKAMORE LN","210 Res - Subd (1 Fam)","23233",550000,1997,"A",2,0,"01 Yes",11,5,3,1,1,3632,557,0,0,0,"1 Crawl",0
"09/04/2012","3705 PENNMARDEL CT","210 Res - Subd (1 Fam)","23233",460000,1998,"A",2,0,"01 Yes",12,5,3,1,1,3214,224,196,0,0,"1 Crawl",0
"12/18/2014","3809 LADY VIXEN CT","210 Res - Subd (1 Fam)","23233",599950,1997,"A",1,0,"01 Yes",13,6,4,2,1,3529,0,0,653,0,"W Walkout Bsmt",0
"08/01/2017","3701 PENNMARDEL CT","210 Res - Subd (1 Fam)","23233",675000,1999,"A",2,0,"01 Yes",10,4,4,1,1,4376,0,0,0,0,"1 Crawl",0
"07/20/2017","3808 LADY VIXEN CT","210 Res - Subd (1 Fam)","23233",555000,1998,"A",2,0,"01 Yes",9,4,3,1,0,3520,0,0,576,0,"5 Combination",2
"05/31/2017","12832 PENNMARDEL LN","210 Res - Subd (1 Fam)","23233",680000,2000,"A",2,0,"01 Yes",12,5,3,1,1,4158,0,0,0,0,"1 Crawl",0
"06/06/2016","3708 PENNMARDEL CT","210 Res - Subd (1 Fam)","23233",674950,1998,"A",2,0,"01 Yes",9,4,3,1,1,4155,0,0,0,0,"1 Crawl",0
"03/14/2019","13436 COLLEGE VALLEY LN","210 Res - Subd (1 Fam)","23233",590000,1995,"A",2,1,"01 Yes",12,5,3,1,1,3634,432,0,0,0,"1 Crawl",0
"07/20/2015","12836 PENNMARDEL LN","210 Res - Subd (1 Fam)","23233",7e+05,2002,"A",1,0,"01 Yes",9,5,5,1,3,4464,0,0,NA,982,"W Walkout Bsmt",2
"07/30/2012","12800 CRIMSON CT","210 Res - Subd (1 Fam)","23233",392000,1994,"B",1,0,"01 Yes",10,4,2,1,1,2804,0,0,0,0,"1 Crawl",0
"08/08/2018","12412 NORTHLAKE PL","210 Res - Subd (1 Fam)","23233",585000,1992,"A-",1,1,"01 Yes",10,5,3,1,1,4056,0,0,0,0,"1 Crawl",0
"10/28/2014","12804 CRIMSON CT","210 Res - Subd (1 Fam)","23233",370000,1995,"B",1,0,"01 Yes",8,4,2,1,1,2632,0,0,0,0,"1 Crawl",0
"12/01/2017","12808 CRIMSON CT","210 Res - Subd (1 Fam)","23233",437000,1995,"B",1,0,"01 Yes",8,4,2,1,1,3295,0,0,0,0,"1 Crawl",0
"07/30/2013","12800 PENNMARDEL LN","210 Res - Subd (1 Fam)","23233",650000,2003,"A",2,0,"01 Yes",12,6,5,1,2,4256,0,0,NA,926,"W Walkout Bsmt",0
"04/16/2020","12801 HUNTMASTER LN","210 Res - Subd (1 Fam)","23233-7673",619000,1998,"A",2,0,"01 Yes",11,5,3,1,2,2983,759,0,NA,927,"5 Combination",2
"06/04/2018","12800 HUNTMASTER LN","210 Res - Subd (1 Fam)","23233",585000,1997,"A",2,0,"01 Yes",11,5,4,1,1,3042,252,0,616,616,"5 Combination",0
"09/16/2016","3601 GAYLIN RIDGE LN","210 Res - Subd (1 Fam)","23233",371950,1996,"B",1,0,"01 Yes",8,4,2,1,1,2514,0,0,0,0,"1 Crawl",0
"12/16/2015","12805 HUNTMASTER LN","210 Res - Subd (1 Fam)","23233",637000,2003,"A",2,0,"01 Yes",11,5,6,1,2,3840,0,0,NA,NA,"W Walkout Bsmt",0
"06/03/2019","12809 HUNTMASTER LN","210 Res - Subd (1 Fam)","23233",612000,1998,"A",2,0,"01 Yes",11,4,2,1,1,3676,204,0,576,0,"5 Combination",2
"08/06/2012","3608 GAYLIN RIDGE LN","210 Res - Subd (1 Fam)","23233",325000,1996,"B",1,0,"01 Yes",8,4,2,1,1,2786,0,0,0,0,"1 Crawl",0
"06/22/2012","12816 HUNTMASTER LN","210 Res - Subd (1 Fam)","23233",517000,2000,"A",2,0,"01 Yes",9,4,4,1,1,2820,0,0,874,874,"4 Basement",0
"06/14/2012","3611 JEWEL PARK LN","210 Res - Subd (1 Fam)","23233",298000,2000,"B",1,0,"01 Yes",8,4,2,1,2,1972,0,0,0,0,"1 Crawl",0
"08/11/2015","2913 NORTHLAKE DR","210 Res - Subd (1 Fam)","23233",609000,1995,"A-",1,1,"01 Yes",10,4,3,1,2,3680,0,0,NA,NA,"4 Basement",0
"07/25/2018","2904 NORTHLAKE DR","210 Res - Subd (1 Fam)","23233",545000,1994,"A-",1,1,"01 Yes",10,5,3,1,1,3422,0,0,0,0,"1 Crawl",0
"11/27/2018","2920 NORTHLAKE DR","210 Res - Subd (1 Fam)","23233",565000,1993,"A-",1,1,"01 Yes",10,5,3,1,1,3566,0,0,0,0,"1 Crawl",0
"06/30/2016","3000 NORTHLAKE DR","210 Res - Subd (1 Fam)","23233-6644",570000,1993,"A-",1,0,"01 Yes",11,5,3,1,1,4116,0,0,0,0,"1 Crawl",0
"07/28/2017","12317 NORTHLAKE CT","210 Res - Subd (1 Fam)","23233",545000,1994,"A-",1,1,"01 Yes",9,5,3,1,1,2885,0,0,0,0,"1 Crawl",0
"11/06/2014","12314 SENTURY MEADOW DR","210 Res - Subd (1 Fam)","23233",445000,1987,"A-",1,1,"01 Yes",9,5,3,1,1,2714,0,0,0,0,"1 Crawl",0
"11/24/2020","12316 SENTURY MEADOW DR","210 Res - Subd (1 Fam)","22181-6032",435000,1987,"A-",1,1,"01 Yes",7,4,2,1,1,2948,0,0,0,0,"1 Crawl",0
"05/11/2016","2703 COTTAGE COVE DR","210 Res - Subd (1 Fam)","23233",475000,1987,"A-",1,1,"01 Yes",9,4,2,1,1,3078,0,0,0,0,"1 Crawl",0
"05/02/2016","2701 COTTAGE COVE DR","210 Res - Subd (1 Fam)","23233",461000,1988,"A-",2,1,"01 Yes",10,5,3,1,1,3139,0,0,0,0,"1 Crawl",0
"07/13/2020","2608 SEAHAVEN CT","210 Res - Subd (1 Fam)","23233-3306",530000,1986,"A-",1,1,"01 Yes",11,4,3,2,1,3404,0,0,0,0,"1 Crawl",0
"08/22/2014","2604 SEAHAVEN CT","210 Res - Subd (1 Fam)","23233",405000,1986,"A-",2,1,"01 Yes",8,4,2,1,1,2622,0,0,0,0,"1 Crawl",0
"01/17/2019","12415 SEAHAVEN DR","210 Res - Subd (1 Fam)","23233",440000,1986,"A-",1,1,"01 Yes",10,5,2,1,1,2989,0,0,0,0,"1 Crawl",0
"08/08/2017","2608 COTTAGE COVE DR","210 Res - Subd (1 Fam)","23233",460000,1987,"A-",1,1,"01 Yes",10,5,2,1,1,2760,0,0,0,0,"1 Crawl",0
"05/17/2017","2603 COTTAGE COVE DR","210 Res - Subd (1 Fam)","23233",485000,1987,"B-",1,1,"01 Yes",9,5,2,1,1,3108,0,0,0,0,"1 Crawl",0
"11/15/2017","12419 SEAHAVEN DR","210 Res - Subd (1 Fam)","23233",490000,1986,"A-",2,1,"01 Yes",8,5,2,1,1,3292,0,0,0,0,"1 Crawl",0
"08/24/2015","2604 COTTAGE COVE DR","210 Res - Subd (1 Fam)","23233",433000,1986,"A-",1,1,"01 Yes",9,4,2,1,1,2760,0,0,0,0,"1 Crawl",0
"12/30/2014","2602 COTTAGE COVE DR","210 Res - Subd (1 Fam)","23233",460000,1986,"A-",1,1,"01 Yes",9,5,2,1,1,3160,0,0,0,0,"1 Crawl",0
"02/05/2020","2609 NORTHWIND DR","210 Res - Subd (1 Fam)","23233",542500,1986,"A-",2,1,"01 Yes",10,5,3,1,1,4086,0,0,0,0,"1 Crawl",0
"03/24/2020","2533 NORTHWIND PL","210 Res - Subd (1 Fam)","23233-6616",515000,1989,"A-",2,1,"01 Yes",10,5,3,1,1,3551,0,0,0,0,"1 Crawl",0
"07/23/2013","2600 COTTAGE COVE DR","210 Res - Subd (1 Fam)","23233",517500,1988,"A-",1,1,"01 Yes",11,6,3,1,1,3804,0,0,0,0,"1 Crawl",0
"07/17/2017","2605 WETHERBURN CT","270 Townhouse","23233",213000,1985,"C+",1,1,"01 Yes",6,2,2,1,1,1200,0,0,0,0,"1 Crawl",0
"09/10/2020","12404 SEAHAVEN DR","210 Res - Subd (1 Fam)","23233-3301",420000,1985,"A-",2,1,"01 Yes",8,4,2,1,1,2732,0,0,0,0,"1 Crawl",0
"12/03/2019","12405 SEAHAVEN DR","210 Res - Subd (1 Fam)","23233",488000,1985,"A-",1,1,"01 Yes",8,4,2,1,1,2772,0,0,0,0,"1 Crawl",0
"09/16/2020","2611 COACHOUSE LN","270 Townhouse","23233",239950,1984,"C+",1,1,"01 Yes",6,3,2,1,1,1364,0,0,0,0,"1 Crawl",0
"05/01/2014","2609 COACHOUSE LN","270 Townhouse","23233",176000,1985,"C+",1,1,"01 Yes",5,2,2,1,1,1200,0,0,0,0,"1 Crawl",0
"08/22/2013","2605 COACHOUSE LN","270 Townhouse","23233",187000,1985,"C+",1,1,"01 Yes",6,3,2,1,1,1408,0,0,0,0,"1 Crawl",0
"08/21/2014","12407 SEAHAVEN DR","210 Res - Subd (1 Fam)","23233",483500,1986,"A",1,1,"01 Yes",9,4,3,1,1,2906,0,0,0,0,"1 Crawl",0
"07/14/2015","2603 SOUTHBAY DR","210 Res - Subd (1 Fam)","23233",422500,1986,"A-",2,1,"01 Yes",9,5,2,1,1,2798,0,0,0,0,"1 Crawl",0
"10/10/2019","2603 STONEY CT","270 Townhouse","23233",219500,1986,"C+",1,1,"01 Yes",6,2,2,1,1,1654,0,0,0,0,"1 Crawl",0
"05/07/2018","12411 SEAHAVEN DR","210 Res - Subd (1 Fam)","23233",393000,1986,"A-",2,1,"01 Yes",8,4,2,1,1,2559,0,0,0,0,"1 Crawl",0
"10/09/2020","2608 STONEY CT","270 Townhouse","23233-2168",232550,1986,"C+",1,1,"01 Yes",6,2,3,0,1,1654,0,0,0,0,"1 Crawl",0
"07/06/2018","2610 STONEY CT","270 Townhouse","23233",243000,1986,"C+",1,1,"01 Yes",6,3,3,0,1,1654,0,0,0,0,"1 Crawl",0
"06/21/2016","12413 SEAHAVEN DR","210 Res - Subd (1 Fam)","23233-3305",430000,1986,"A-",2,1,"01 Yes",9,5,2,1,1,2632,521,0,0,0,"1 Crawl",0
"04/23/2019","2602 SOUTHBAY DR","210 Res - Subd (1 Fam)","23233-3307",474000,1985,"A-",9,1,"01 Yes",8,5,3,1,1,2638,0,0,0,0,"1 Crawl",0
"02/03/2020","2604 SOUTHBAY DR","210 Res - Subd (1 Fam)","23233",430000,1986,"A-",2,1,"01 Yes",8,4,2,1,1,2394,0,0,0,0,"1 Crawl",0
"09/18/2017","2634 ADAMO CT","270 Townhouse","23233",238000,1988,"C+",1,1,"01 Yes",6,3,2,0,1,1970,0,0,0,0,"1 Crawl",0
"12/08/2016","2621 ADAMO CT","270 Townhouse","23233",221450,1987,"C+",1,1,"01 Yes",6,3,3,0,1,1654,0,0,0,0,"1 Crawl",0
"04/15/2015","2617 ADAMO CT","270 Townhouse","23233",2e+05,1986,"C+",1,1,"01 Yes",6,2,2,1,1,1654,0,0,0,0,"1 Crawl",0
"06/01/2012","2628 ADAMO CT","270 Townhouse","23233",205000,1987,"C+",1,1,"01 Yes",7,3,2,1,1,2295,0,0,0,0,"1 Crawl",0
"03/29/2018","2606 NORTHWIND CT","210 Res - Subd (1 Fam)","23233",479075,1986,"A-",2,1,"01 Yes",9,5,3,0,1,2996,0,0,0,0,"1 Crawl",0
"07/10/2017","2610 NORTHWIND DR","210 Res - Subd (1 Fam)","23233",430000,1986,"A-",1,1,"01 Yes",9,5,2,1,1,3000,0,0,0,0,"1 Crawl",0
"03/27/2014","2608 NORTHWIND CT","210 Res - Subd (1 Fam)","23233",420000,1987,"A-",1,1,"01 Yes",8,4,2,1,1,2374,0,0,NA,882,"4 Basement",0
"06/19/2020","12501 WINCHESTER GREEN CT","210 Res - Subd (1 Fam)","23233-3333",330000,1987,"C+",1,1,"01 Yes",6,3,2,1,1,1953,0,0,0,0,"1 Crawl",0
"06/08/2016","2600 NORTHWIND CT","210 Res - Subd (1 Fam)","23233",415000,1986,"A-",2,1,"01 Yes",9,4,2,1,1,2841,0,0,0,0,"1 Crawl",0
"06/29/2018","12506 WINCHESTER GREEN CT","210 Res - Subd (1 Fam)","23233",329950,1987,"C+",1,1,"01 Yes",8,4,3,0,1,2239,0,0,0,0,"1 Crawl",0
"04/10/2017","12505 WINCHESTER GREEN CT","210 Res - Subd (1 Fam)","23233",260000,1988,"C+",1,0,"01 Yes",7,4,2,1,1,2338,0,0,0,0,"1 Crawl",0
"06/02/2015","2619 CAITLIN CT","210 Res - Subd (1 Fam)","23233",243900,2008,"C+",1,0,"01 Yes",6,3,2,1,1,1566,0,0,0,0,"1 Crawl",0
"08/25/2017","2716 STINGRAY CT","270 Townhouse","23233",235000,1997,"C+",1,1,"01 Yes",6,3,2,1,1,2203,0,0,0,0,"1 Crawl",0
"11/18/2014","2710 STINGRAY CT","270 Townhouse","23233",192000,1997,"C+",1,1,"01 Yes",6,3,3,0,1,1654,0,0,0,0,"1 Crawl",0
"05/16/2016","2713 STINGRAY CT","270 Townhouse","23233",188500,1997,"C+",1,1,"01 Yes",6,3,3,0,1,1664,0,0,0,0,"1 Crawl",0
"07/29/2016","2711 STINGRAY CT","270 Townhouse","23233",192500,1997,"C+",1,1,"01 Yes",6,3,3,0,1,1664,0,0,0,0,"1 Crawl",0
"10/14/2016","2601 STONEY CT","270 Townhouse","23233",225000,1986,"C+",1,1,"01 Yes",6,3,2,1,1,1970,0,0,0,0,"1 Crawl",0
"05/31/2017","2600 STONEY CT","270 Townhouse","23233",219950,1986,"C+",1,1,"01 Yes",5,2,2,0,1,1314,0,0,0,0,"1 Crawl",0
"09/17/2020","12417 PLEASANT RUN TER","210 Res - Subd (1 Fam)","23233-2182",320000,1984,"C+",1,1,"01 Yes",8,4,2,1,1,1924,0,0,0,0,"1 Crawl",0
"01/07/2016","2602 STONEY CT","270 Townhouse","23233",176000,1986,"C+",1,1,"01 Yes",6,3,2,1,1,1654,0,0,0,0,"1 Crawl",0
"03/28/2017","2615 DUFFY CT","270 Townhouse","23233",227000,1989,"C+",1,1,"01 Yes",6,3,2,1,1,1970,0,0,0,0,"1 Crawl",0
"08/14/2013","12415 PLEASANT RUN TER","210 Res - Subd (1 Fam)","23233-2182",227000,1984,"C+",1,1,"01 Yes",7,3,2,1,1,1862,0,0,0,0,"1 Crawl",0
"04/29/2016","2622 DUFFY CT","270 Townhouse","23233",215000,1989,"C+",1,1,"01 Yes",5,2,2,1,1,1654,0,0,0,0,"1 Crawl",0
"08/01/2013","2611 ADAMO CT","270 Townhouse","23233",170000,1987,"C+",1,1,"01 Yes",5,3,2,1,1,1654,0,0,0,0,"1 Crawl",0
"09/23/2019","2609 ADAMO CT","270 Townhouse","23233",223000,1986,"C+",1,1,"01 Yes",6,3,2,1,1,1970,0,0,0,0,"1 Crawl",0
"09/28/2015","2609 DUFFY CT","270 Townhouse","23233",235001,1989,"C+",1,1,"01 Yes",6,3,2,1,1,1970,0,0,0,0,"1 Crawl",0
"10/26/2017","2613 ADAMO CT","270 Townhouse","23233",219950,1986,"C+",1,1,"01 Yes",5,2,2,0,1,1314,0,0,0,0,"1 Crawl",0
"09/03/2020","2620 DUFFY CT","270 Townhouse","23233-2189",301000,1989,"C+",1,1,"01 Yes",6,3,2,1,1,2047,0,0,0,0,"1 Crawl",0
"08/17/2015","2605 ADAMO CT","270 Townhouse","23233-2159",169950,1986,"C+",1,1,"01 Yes",5,2,2,0,1,1314,0,0,0,0,"1 Crawl",0
"08/28/2017","2614 DUFFY CT","270 Townhouse","23233",214950,1989,"C+",1,1,"01 Yes",5,2,2,1,1,1654,0,0,0,0,"1 Crawl",0
"02/03/2020","2601 ADAMO CT","270 Townhouse","37659",330000,1986,"C+",1,1,"01 Yes",6,3,2,1,2,2203,0,0,0,0,"1 Crawl",0
"06/16/2020","2606 ADAMO CT","270 Townhouse","23233-2129",235000,1987,"C+",1,1,"01 Yes",6,3,2,1,1,1654,0,0,0,0,"1 Crawl",0
"12/08/2020","2606 DUFFY CT","270 Townhouse","23233-2189",255000,1989,"C+",1,1,"01 Yes",6,3,3,0,1,1654,0,0,0,0,"1 Crawl",0
"10/13/2016","2602 DUFFY CT","270 Townhouse","23233",230000,1989,"C+",1,1,"01 Yes",6,3,2,1,1,1970,0,0,0,0,"1 Crawl",0
"08/04/2017","2608 DUFFY CT","270 Townhouse","23233",255000,1987,"C+",1,1,"01 Yes",6,3,2,1,1,2135,0,0,0,0,"1 Crawl",0
"04/26/2018","12503 CAITLIN CIR","210 Res - Subd (1 Fam)","23233",331500,1990,"C+",1,1,"01 Yes",7,3,2,1,1,2181,0,0,0,0,"1 Crawl",0
"11/30/2016","2717 PLEASANT RUN DR","210 Res - Subd (1 Fam)","23233",265000,1982,"C+",1,1,"01 Yes",8,4,2,0,1,1948,0,0,0,0,"1 Crawl",0
"08/15/2017","12406 PLEASANT RUN TER","210 Res - Subd (1 Fam)","23233",215000,1983,"C",1,1,"01 Yes",7,3,2,0,1,1568,0,0,0,0,"1 Crawl",0
"08/03/2020","12306 PLEASANT RUN CT","210 Res - Subd (1 Fam)","23229",268500,1983,"C",1,1,"01 Yes",6,3,1,1,1,1288,0,0,0,0,"1 Crawl",0
"01/07/2015","12308 PLEASANT RUN CT","210 Res - Subd (1 Fam)","23233",284000,1984,"C+",1,0,"01 Yes",7,3,2,1,1,2198,0,0,0,0,"1 Crawl",0
"07/16/2015","12307 PLEASANT RUN CT","210 Res - Subd (1 Fam)","23233",266500,1982,"C+",1,1,"01 Yes",8,3,2,1,1,2060,0,0,0,0,"1 Crawl",0
"07/20/2018","12309 PLEASANT RUN CT","210 Res - Subd (1 Fam)","23233",279000,1984,"C",1,1,"01 Yes",7,3,2,0,1,1512,0,0,0,0,"1 Crawl",0
"07/17/2018","12403 PLEASANT RUN TER","210 Res - Subd (1 Fam)","23233",217000,1984,"C",1,1,"01 Yes",7,3,2,0,1,1288,0,0,0,0,"1 Crawl",0
"05/06/2019","12311 PLEASANT RUN CT","210 Res - Subd (1 Fam)","23233",332000,1983,"C+",1,1,"01 Yes",8,3,2,1,1,2308,0,0,0,0,"1 Crawl",0
"10/20/2014","12314 TOURNAMENT LN","210 Res - Subd (1 Fam)","23233",234500,1981,"C",1,1,"01 Yes",8,4,2,1,1,1739,0,0,0,0,"1 Crawl",0
"08/26/2019","12405 PLEASANT RUN TER","210 Res - Subd (1 Fam)","23233",318000,1983,"C",1,1,"01 Yes",7,4,2,0,1,1832,0,0,0,0,"1 Crawl",0
"06/11/2018","2701 PLEASANT RUN DR","210 Res - Subd (1 Fam)","23233",280450,1983,"C+",1,1,"01 Yes",7,3,2,1,1,2004,0,0,0,0,"1 Crawl",0
"06/19/2018","2501 LAUDERDALE DR","210 Res - Subd (1 Fam)","23233",205000,1978,"C",1,1,"01 Yes",7,3,1,1,1,1500,0,0,0,0,"1 Crawl",0
"07/31/2014","2516 LAUDERDALE DR","210 Res - Subd (1 Fam)","23233",215000,1980,"C+",1,1,"01 Yes",7,3,2,1,1,1636,0,0,0,0,"1 Crawl",0
"07/14/2015","12300 TOURNAMENT LN","210 Res - Subd (1 Fam)","23233",226000,1980,"C+",1,1,"01 Yes",7,3,2,1,1,1636,0,0,0,0,"1 Crawl",0
"03/02/2017","2502 LAUDERDALE DR","210 Res - Subd (1 Fam)","23233",217500,1980,"C",1,1,"01 Yes",7,4,2,1,1,1072,0,0,550,550,"W Walkout Bsmt",0
"05/13/2020","12304 TOURNAMENT LN","210 Res - Subd (1 Fam)","23233-2117",269950,1980,"C",1,1,"01 Yes",7,3,2,0,1,1375,0,0,0,0,"1 Crawl",0
"09/28/2020","12305 TOURNAMENT LN","210 Res - Subd (1 Fam)","23233-2118",276000,1981,"C",1,1,"01 Yes",7,3,1,1,1,1500,0,0,0,0,"1 Crawl",0
"07/25/2019","12309 TOURNAMENT LN","210 Res - Subd (1 Fam)","23233",275000,1980,"C",1,1,"01 Yes",7,4,1,2,1,1072,0,0,550,550,"W Walkout Bsmt",0
"02/10/2012","12311 TOURNAMENT LN","210 Res - Subd (1 Fam)","23230",145199,1981,"C",1,1,"01 Yes",8,3,3,1,1,2312,0,0,0,0,"1 Crawl",0
"04/05/2013","2610 ROARINGBROOK DR","210 Res - Subd (1 Fam)","23233",240000,1979,"C",1,1,"01 Yes",8,4,2,1,1,2060,0,0,0,0,"1 Crawl",0
"01/07/2021","12310 RIDGEFIELD PKWY","210 Res - Subd (1 Fam)","23226-2207",321000,1978,"C+",1,1,"01 Yes",7,3,2,1,1,1636,0,0,0,0,"1 Crawl",0
"01/11/2019","2608 ROARINGBROOK DR","210 Res - Subd (1 Fam)","23233",329950,1979,"C+",1,1,"01 Yes",7,3,2,1,1,2196,0,0,0,0,"1 Crawl",0
"06/11/2018","2626 PLEASANT RUN DR","210 Res - Subd (1 Fam)","23233",297000,1984,"C+",1,1,"01 Yes",7,3,2,1,1,1996,0,0,0,0,"1 Crawl",0
"01/18/2018","2606 ROARINGBROOK DR","210 Res - Subd (1 Fam)","23233",270000,1978,"C",1,1,"01 Yes",7,3,2,1,1,1630,0,0,650,650,"W Walkout Bsmt",0
"11/25/2015","2602 ROARINGBROOK DR","210 Res - Subd (1 Fam)","23233",185000,1978,"C",1,1,"01 Yes",7,3,1,1,1,1375,0,0,0,0,"1 Crawl",0
"03/18/2013","2617 ROARINGBROOK DR","210 Res - Subd (1 Fam)","23233",214000,1979,"C+",1,1,"01 Yes",7,3,2,1,1,1636,0,0,0,0,"1 Crawl",0
"04/01/2020","12300 LULLINGTON DR","210 Res - Subd (1 Fam)","23238-3023",319000,1976,"C",1,0,"01 Yes",8,4,2,1,1,1630,0,0,650,650,"W Walkout Bsmt",0
"06/05/2017","2424 LAUDERDALE DR","210 Res - Subd (1 Fam)","23238",225000,1976,"C",1,0,"01 Yes",7,3,1,1,1,1375,0,0,0,0,"1 Crawl",0
"04/29/2019","12303 RIDGEFIELD PKWY","210 Res - Subd (1 Fam)","23233",230000,1978,"C",1,1,"01 Yes",7,3,1,1,1,1375,0,0,0,0,"1 Crawl",0
"09/20/2019","12305 RIDGEFIELD PKWY","210 Res - Subd (1 Fam)","24522",3e+05,1978,"C",1,1,"01 Yes",7,4,2,1,3,2496,0,0,0,0,"1 Crawl",0
"08/10/2020","2423 ELMINGTON DR","210 Res - Subd (1 Fam)","23238-3008",285000,1976,"C",1,0,"01 Yes",7,3,2,1,1,1301,0,313,650,650,"W Walkout Bsmt",0
"03/10/2017","2422 ELMINGTON DR","210 Res - Subd (1 Fam)","23229",239950,1977,"C",1,0,"01 Yes",7,3,1,1,1,1200,0,0,625,625,"W Walkout Bsmt",0
"03/06/2017","12313 RIDGEFIELD PKWY","210 Res - Subd (1 Fam)","23233",237000,1978,"C",1,1,"01 Yes",7,4,1,2,1,1072,0,0,550,550,"W Walkout Bsmt",0
"05/26/2016","12312 LULLINGTON DR","210 Res - Subd (1 Fam)","23238",278000,1977,"C",1,1,"01 Yes",8,4,2,1,1,2348,0,0,0,0,"1 Crawl",0
"04/14/2015","12315 RIDGEFIELD PKWY","210 Res - Subd (1 Fam)","23233",265000,1978,"C",1,1,"01 Yes",7,3,2,1,1,1800,0,0,0,0,"1 Crawl",0
"03/13/2017","12314 LULLINGTON DR","210 Res - Subd (1 Fam)","23060",195000,1977,"C",1,0,"01 Yes",7,3,2,1,1,2060,0,0,0,0,"1 Crawl",0
"10/04/2018","2422 LAUDERDALE DR","210 Res - Subd (1 Fam)","23294",160500,1976,"C",1,0,"01 Yes",7,3,1,1,1,1375,0,0,0,0,"1 Crawl",0
"10/16/2020","2404 LAUDERDALE DR","210 Res - Subd (1 Fam)","23238-3019",304950,1976,"C",1,0,"01 Yes",7,3,2,1,2,1522,0,0,0,0,"1 Crawl",0
"12/01/2020","2412 LAUDERDALE DR","210 Res - Subd (1 Fam)","23238-3019",259950,1976,"C",1,0,"01 Yes",7,3,1,1,1,1375,0,0,0,0,"1 Crawl",0
"12/02/2014","2410 LAUDERDALE DR","210 Res - Subd (1 Fam)","23233",164500,1976,"C",1,0,"01 Yes",7,3,1,1,2,1522,0,0,0,0,"1 Crawl",0
"08/05/2016","2408 LAUDERDALE DR","210 Res - Subd (1 Fam)","23238",198500,1976,"C",1,0,"01 Yes",7,3,1,1,1,1375,0,0,0,0,"1 Crawl",0
"06/10/2019","2302 PLEASANT RUN DR","210 Res - Subd (1 Fam)","23238",303000,1976,"C",1,0,"01 Yes",7,4,3,0,1,1317,0,313,676,676,"W Walkout Bsmt",0
"10/28/2020","2407 ELMINGTON DR","210 Res - Subd (1 Fam)","23238-3008",274500,1977,"C",1,0,"01 Yes",8,4,1,1,1,1200,0,0,625,625,"W Walkout Bsmt",0
"04/26/2019","2403 ELMINGTON DR","210 Res - Subd (1 Fam)","23238-3008",267000,1978,"C",1,0,"02 No",7,3,1,1,1,1562,0,0,0,0,"1 Crawl",0
"03/24/2014","2406 ELMINGTON DR","210 Res - Subd (1 Fam)","23238",239500,1977,"C",1,0,"01 Yes",7,3,1,1,1,1200,0,0,625,625,"W Walkout Bsmt",0
"09/08/2014","2408 ELMINGTON DR","210 Res - Subd (1 Fam)","23238",235000,1977,"C",1,0,"01 Yes",8,4,2,1,1,1630,0,0,650,650,"W Walkout Bsmt",0
"09/30/2013","2310 PLEASANT RUN DR","210 Res - Subd (1 Fam)","23238-3055",175000,1973,"C",1,0,"01 Yes",7,3,1,1,1,1562,0,0,0,0,"1 Crawl",0
"11/09/2015","2402 PLEASANT RUN DR","210 Res - Subd (1 Fam)","23238",178400,1977,"C",1,1,"01 Yes",7,4,1,2,1,1072,0,0,550,550,"W Walkout Bsmt",0
"01/31/2020","2302 CARROLLWOOD CT","210 Res - Subd (1 Fam)","23238",3e+05,1974,"C",1,0,"01 Yes",7,3,2,1,1,1630,0,0,650,650,"W Walkout Bsmt",0
"06/17/2016","2303 BRIARGROVE CT","210 Res - Subd (1 Fam)","23238",232000,1974,"C",1,0,"01 Yes",8,4,2,1,1,1614,0,0,650,650,"W Walkout Bsmt",0
"11/03/2015","2305 PLEASANT RUN DR","210 Res - Subd (1 Fam)","23230-0851",145000,1975,"C",1,0,"01 Yes",8,4,2,1,1,1630,0,0,650,650,"W Walkout Bsmt",0
"05/07/2013","2307 PLEASANT RUN DR","210 Res - Subd (1 Fam)","23238",228500,1975,"C",1,0,"01 Yes",7,3,2,1,1,1613,0,0,650,650,"W Walkout Bsmt",0
"09/24/2018","2309 PLEASANT RUN DR","210 Res - Subd (1 Fam)","23238",277500,1975,"C",1,0,"01 Yes",8,4,2,1,1,1630,0,0,650,650,"W Walkout Bsmt",0
"01/13/2020","2304 BRIARGROVE CT","210 Res - Subd (1 Fam)","23238",285000,1974,"C",1,0,"01 Yes",8,4,2,1,1,1630,0,0,650,650,"W Walkout Bsmt",0
"07/31/2014","2312 OLD COACH LN","210 Res - Subd (1 Fam)","23238",244950,1975,"C",1,0,"01 Yes",8,4,2,1,1,2060,0,0,0,0,"1 Crawl",0
"03/30/2017","2307 LEIGHTON CT","210 Res - Subd (1 Fam)","23238",265000,1975,"C",1,0,"01 Yes",8,4,2,1,1,1630,0,0,650,650,"W Walkout Bsmt",0
"12/14/2018","2303 CARROLLWOOD CT","210 Res - Subd (1 Fam)","23238",278000,1974,"C",1,0,"01 Yes",7,3,2,1,1,1200,0,0,625,625,"W Walkout Bsmt",0
"12/03/2019","2311 CARROLLWOOD CT","210 Res - Subd (1 Fam)","23238",265000,1974,"C",1,0,"01 Yes",7,3,2,NA,1,1554,0,0,0,0,"1 Crawl",0
"05/31/2019","4009 GRAHAM MEADOWS CT","210 Res - Subd (1 Fam)","24014-2440",412000,1998,"C+",1,0,"01 Yes",8,4,2,1,1,2600,0,0,0,0,"1 Crawl",0
"06/17/2016","3534 GRAHAM MEADOWS PL","210 Res - Subd (1 Fam)","23233",366500,1998,"C+",1,0,"01 Yes",8,4,2,1,1,2384,0,0,0,0,"1 Crawl",0
"06/15/2017","12516 GAYTON STATION BLVD","210 Res - Subd (1 Fam)","23059",328000,1995,"C+",1,0,"01 Yes",8,4,2,1,1,1995,0,0,0,0,"1 Crawl",0
"01/31/2019","3545 GRAHAM MEADOWS PL","210 Res - Subd (1 Fam)","23233",390000,1998,"C+",1,0,"01 Yes",8,4,2,1,1,2864,0,0,0,0,"1 Crawl",0
"01/13/2020","3557 GRAHAM MEADOWS PL","210 Res - Subd (1 Fam)","23233",332000,1998,"C+",1,0,"01 Yes",6,3,2,NA,1,1718,0,0,0,0,"1 Crawl",0
"05/28/2019","13633 SWANHOLLOW DR","210 Res - Subd (1 Fam)","23233",495000,1993,"B+",2,0,"01 Yes",10,4,3,1,1,3459,0,0,0,0,"1 Crawl",0
"06/04/2012","13625 SWANHOLLOW DR","210 Res - Subd (1 Fam)","23233",480000,1993,"B+",9,1,"01 Yes",9,5,2,1,1,3180,0,0,0,0,"1 Crawl",0
"08/29/2012","13637 SWANHOLLOW DR","210 Res - Subd (1 Fam)","23233",455000,1993,"B+",9,0,"01 Yes",9,5,2,1,1,3124,0,0,0,0,"1 Crawl",0
"02/06/2019","13624 SWANHOLLOW DR","210 Res - Subd (1 Fam)","23233",599950,2019,"B+",9,0,"01 Yes",9,5,3,1,1,3740,0,0,0,NA,"1 Crawl",NA
"09/07/2018","13628 SWANHOLLOW DR","210 Res - Subd (1 Fam)","23233",585000,1994,"B+",2,0,"01 Yes",9,5,3,0,1,3628,0,0,0,0,"1 Crawl",0
"10/09/2018","3305 SWANHOLLOW CT","210 Res - Subd (1 Fam)","23233",457000,1993,"B+",2,0,"01 Yes",9,4,2,1,1,2478,0,0,0,0,"1 Crawl",0
"07/28/2020","13600 SWANHOLLOW DR","210 Res - Subd (1 Fam)","23233-7620",581000,1992,"B+",9,0,"01 Yes",4,9,2,1,1,3576,0,0,0,0,"1 Crawl",0
"05/16/2016","13613 SWANHOLLOW DR","210 Res - Subd (1 Fam)","23233",436000,1994,"B+",2,0,"01 Yes",11,5,2,1,1,2836,0,0,0,0,"1 Crawl",0
"04/15/2016","3212 SWANHOLLOW WAY","210 Res - Subd (1 Fam)","23233",435000,1990,"B+",9,0,"01 Yes",10,5,2,1,1,2940,0,0,0,0,"1 Crawl",0
"10/11/2018","13605 COTTON PATCH CT","210 Res - Subd (1 Fam)","23233-7795",265000,2019,"A",9,0,"01 Yes",12,5,4,1,1,4500,0,0,0,NA,"1 Crawl",NA
"09/01/2020","13608 COTTON PATCH CT","210 Res - Subd (1 Fam)","23233-7795",9e+05,2014,"A",9,0,"01 Yes",12,6,5,1,1,5070,0,0,0,NA,"1 Crawl",NA
"09/27/2013","3208 SWANHOLLOW WAY","210 Res - Subd (1 Fam)","23233",425000,1993,"B+",2,0,"01 Yes",9,5,2,1,1,3050,0,0,0,0,"1 Crawl",0
"01/29/2018","3204 SWANHOLLOW WAY","210 Res - Subd (1 Fam)","23233",540000,1993,"B+",2,0,"01 Yes",8,4,2,1,1,2968,0,0,0,0,"1 Crawl",0
"06/24/2013","13613 COTTON PATCH CT","210 Res - Subd (1 Fam)","23233",830146,2013,"A",2,0,"01 Yes",11,7,5,2,1,4448,0,0,NA,NA,"W Walkout Bsmt",NA
"07/27/2017","4012 COLLEGE VALLEY CT","210 Res - Subd (1 Fam)","23233",552000,1994,"A",9,1,"01 Yes",10,4,2,1,1,3666,0,0,0,0,"1 Crawl",0
"08/02/2017","4016 COLLEGE VALLEY CT","210 Res - Subd (1 Fam)","23233",490000,1995,"A",1,0,"01 Yes",10,6,3,0,1,3190,351,0,0,0,"1 Crawl",0
"05/03/2018","4024 COLLEGE VALLEY CT","210 Res - Subd (1 Fam)","20176",530000,1995,"A",1,1,"01 Yes",8,4,2,1,1,2604,558,0,0,0,"1 Crawl",0
"07/16/2014","13008 HUNTSTEED CT","210 Res - Subd (1 Fam)","23233",950000,2007,"A",2,0,"01 Yes",11,6,5,1,1,5456,0,0,NA,NA,"W Walkout Bsmt",2
"05/08/2019","13612 COTTON PATCH CT","210 Res - Subd (1 Fam)","23233",969900,2012,"A",9,0,"01 Yes",11,6,4,0,1,4928,0,0,0,NA,"1 Crawl",NA
"10/28/2019","13616 COTTON PATCH CT","210 Res - Subd (1 Fam)","23233-7795",265000,2020,"A",1,0,"01 Yes",12,6,4,1,1,4892,0,583,0,NA,"1 Crawl",NA
"02/21/2019","4008 HUNTSTEED WAY","210 Res - Subd (1 Fam)","23233-7695",265000,2020,"A",9,0,"01 Yes",9,5,3,2,1,4305,0,0,0,NA,"0 None",NA
"02/14/2013","12913 HOLMBANK LN","210 Res - Subd (1 Fam)","23233",9e+05,2012,"A",2,0,"01 Yes",11,6,5,2,1,4802,0,0,NA,NA,"W Walkout Bsmt",3
"06/28/2019","4017 HUNTSTEED WAY","210 Res - Subd (1 Fam)","23233",840000,2004,"A",2,0,"01 Yes",14,6,5,1,2,5328,0,0,NA,NA,"W Walkout Bsmt",3
"05/23/2019","4012 HUNTSTEED WAY","210 Res - Subd (1 Fam)","23233",6e+05,2005,"A-",2,0,"01 Yes",11,5,4,1,2,4358,0,0,0,0,"1 Crawl",0
"07/24/2019","4025 HUNTSTEED WAY","210 Res - Subd (1 Fam)","23233",732500,2005,"A",2,0,"01 Yes",14,6,5,1,2,3956,0,0,NA,718,"W Walkout Bsmt",3
"06/02/2014","12921 HOLMBANK LN","210 Res - Subd (1 Fam)","23233",733500,2006,"A",2,0,"01 Yes",11,5,4,1,1,4529,0,0,0,0,"1 Crawl",0
"05/02/2017","13617 COTTON PATCH CT","210 Res - Subd (1 Fam)","23233-7795",265000,2018,"A",1,0,"01 Yes",13,7,6,1,1,6486,0,0,NA,NA,"W Walkout Bsmt",NA
"11/09/2017","13621 COTTON PATCH CT","210 Res - Subd (1 Fam)","23233-7795",265000,2018,"A",3,0,"01 Yes",10,5,4,2,1,4568,0,798,NA,NA,"W Walkout Bsmt",NA
"05/15/2015","4024 HUNTSTEED WAY","210 Res - Subd (1 Fam)","23233",7e+05,2004,"A",2,0,"01 Yes",16,5,5,1,1,4481,0,0,NA,NA,"W Walkout Bsmt",3
"06/18/2014","4032 HUNTSTEED WAY","210 Res - Subd (1 Fam)","23233",905000,2008,"A",2,0,"01 Yes",10,6,4,2,3,4554,0,0,NA,NA,"W Walkout Bsmt",2
"07/31/2014","4028 HUNTSTEED WAY","210 Res - Subd (1 Fam)","23233",950000,2010,"A",2,0,"01 Yes",11,7,5,2,2,5536,0,0,NA,NA,"W Walkout Bsmt",0
"03/21/2019","12929 HOLMBANK LN","210 Res - Subd (1 Fam)","23233",860000,2004,"A",2,0,"01 Yes",13,5,5,1,2,4712,0,0,NA,992,"4 Basement",3
"02/13/2015","12928 HOLMBANK LN","210 Res - Subd (1 Fam)","23233",1078212,2015,"A",9,0,"01 Yes",12,6,6,1,1,4760,0,0,NA,NA,"W Walkout Bsmt",NA
"07/03/2013","12825 HUNTMASTER LN","210 Res - Subd (1 Fam)","23233",596000,2000,"A",2,0,"01 Yes",10,4,4,1,1,3700,0,0,0,0,"1 Crawl",0
"03/16/2016","12908 HOLMBANK LN","210 Res - Subd (1 Fam)","23233",767500,2005,"A",2,0,"01 Yes",11,5,4,1,2,4845,0,0,0,0,"1 Crawl",0
"07/23/2019","3808 ENGLISH HORN CT","210 Res - Subd (1 Fam)","23233",780000,1996,"A",9,0,"01 Yes",10,4,3,1,1,4135,0,0,NA,459,"5 Combination",2
"01/06/2015","3804 ENGLISH HORN CT","210 Res - Subd (1 Fam)","23233",585000,1995,"A",2,1,"01 Yes",10,4,2,1,1,3808,0,0,576,0,"4 Basement",2
"04/03/2020","3905 HOLMBANK CT","210 Res - Subd (1 Fam)","23233-7694",728000,2004,"A",2,0,"01 Yes",12,6,5,1,1,4767,0,0,0,0,"1 Crawl",0
"09/23/2019","12908 HOUNDSTOOTH WAY","210 Res - Subd (1 Fam)","23233",570000,1996,"A",2,0,"01 Yes",10,5,4,1,1,3727,0,0,576,0,"5 Combination",2
"08/28/2014","12916 HOLMBANK LN","210 Res - Subd (1 Fam)","23233",790000,2004,"A",2,1,"01 Yes",12,5,5,1,1,5354,0,0,0,0,"1 Crawl",0
"11/18/2014","12909 HOUNDSTOOTH WAY","210 Res - Subd (1 Fam)","23233",560000,1996,"A",3,0,"01 Yes",11,5,3,1,1,3913,0,0,576,0,"5 Combination",2
"06/27/2018","3813 HOUNDSTOOTH CT","210 Res - Subd (1 Fam)","23233",529500,1996,"A",2,1,"01 Yes",10,5,2,1,1,3040,0,0,0,0,"1 Crawl",0
"10/01/2015","3912 HOLMBANK CT","210 Res - Subd (1 Fam)","23233",755000,2004,"A",2,0,"01 Yes",14,5,6,1,1,5386,0,0,NA,NA,"W Walkout Bsmt",3
"04/29/2019","3904 HOLMBANK CT","210 Res - Subd (1 Fam)","23233",975000,2005,"A",2,0,"01 Yes",17,7,6,1,2,5701,0,0,NA,NA,"W Walkout Bsmt",3
"02/25/2014","3801 FRENCH HORN CT","210 Res - Subd (1 Fam)","23233",560000,1996,"A",2,0,"01 Yes",9,4,3,1,1,3676,0,0,576,0,"5 Combination",2
"03/21/2018","3809 FRENCH HORN CT","210 Res - Subd (1 Fam)","23233",520000,1995,"A",2,1,"01 Yes",9,4,2,1,1,3086,112,0,0,0,"1 Crawl",0
"03/20/2020","3816 HOUNDSTOOTH CT","210 Res - Subd (1 Fam)","23233-7678",530000,1996,"A",2,0,"01 Yes",10,4,2,1,1,3326,0,0,528,0,"5 Combination",2
"02/17/2017","3721 HUNTMASTER CT","210 Res - Subd (1 Fam)","23233",510000,1997,"A",2,0,"01 Yes",10,4,4,1,1,3269,512,0,0,0,"1 Crawl",0
"07/16/2014","3713 HUNTMASTER CT","210 Res - Subd (1 Fam)","23233",599500,2001,"A",2,0,"01 Yes",10,5,4,1,1,3277,0,0,NA,542,"W Walkout Bsmt",3
"07/12/2013","3709 HUNTMASTER CT","210 Res - Subd (1 Fam)","23233",831500,2004,"A",2,0,"01 Yes",12,4,5,1,2,4432,0,0,NA,NA,"W Walkout Bsmt",3
"06/23/2014","3720 HUNTMASTER CT","210 Res - Subd (1 Fam)","23233",490000,2001,"A",2,0,"01 Yes",9,4,3,1,1,3010,238,0,0,0,"1 Crawl",0
"08/21/2020","3701 HUNTMASTER CT","210 Res - Subd (1 Fam)","23233-7680",626000,2001,"A",2,0,"01 Yes",10,5,4,1,1,3262,0,0,NA,392,"W Walkout Bsmt",3
"04/30/2019","3712 HUNTMASTER CT","210 Res - Subd (1 Fam)","23233",5e+05,1997,"A",2,0,"01 Yes",9,4,2,1,1,2808,294,0,0,0,"1 Crawl",0
"06/24/2019","3700 HUNTMASTER CT","210 Res - Subd (1 Fam)","23233",557000,1997,"A",2,0,"01 Yes",10,4,2,1,1,2788,0,0,NA,697,"4 Basement",2
"01/27/2012","3800 HOUNDSTOOTH CT","210 Res - Subd (1 Fam)","23233",530000,1996,"A",2,0,"01 Yes",10,5,2,1,1,3470,0,0,0,0,"1 Crawl",0
"03/29/2018","3605 MILBRIER PL","210 Res - Subd (1 Fam)","23233",425000,1992,"B",1,0,"01 Yes",8,4,2,1,1,2556,0,0,0,0,"1 Crawl",0
"03/30/2020","3701 MILBRIER PL","210 Res - Subd (1 Fam)","23233-7666",384900,1994,"B",1,0,"01 Yes",8,4,2,1,1,2442,0,0,0,0,"1 Crawl",0
"07/13/2020","3609 MILBRIER PL","210 Res - Subd (1 Fam)","23233-7641",492000,1993,"B",1,0,"01 Yes",8,4,2,1,1,2452,0,0,0,0,"1 Crawl",0
"05/01/2015","3808 HOUNDSTOOTH CT","210 Res - Subd (1 Fam)","23233",440000,1996,"A",2,0,"01 Yes",11,5,3,1,1,2902,0,0,0,0,"1 Crawl",0
"10/18/2016","3812 HOUNDSTOOTH CT","210 Res - Subd (1 Fam)","23233",481900,1996,"A",2,0,"01 Yes",10,5,3,1,1,3234,480,0,0,0,"1 Crawl",0
"04/10/2020","3708 MILBRIER PL","210 Res - Subd (1 Fam)","23233-7666",382000,1992,"B",1,0,"01 Yes",8,4,2,1,1,2130,0,0,0,0,"1 Crawl",0
"05/18/2020","3600 MILBRIER PL","210 Res - Subd (1 Fam)","23233-7641",461000,1992,"B",1,0,"01 Yes",8,4,2,1,1,2932,0,320,0,0,"1 Crawl",0
"08/28/2013","3608 MILBRIER PL","210 Res - Subd (1 Fam)","23233",369500,1992,"B",1,1,"01 Yes",9,4,2,1,1,3060,0,0,0,0,"1 Crawl",0
"04/26/2017","13701 MILBRANCH CT","210 Res - Subd (1 Fam)","23233",405000,1994,"B",1,0,"01 Yes",8,4,2,1,1,2464,0,0,0,0,"1 Crawl",0
"05/31/2013","13700 MILBRANCH CT","210 Res - Subd (1 Fam)","23233",386550,1994,"B",1,0,"01 Yes",8,4,2,1,1,2536,0,0,0,0,"1 Crawl",0
"06/22/2018","12833 CHURCH RD","210 Res - Subd (1 Fam)","23233",438000,1997,"B+",2,0,"01 Yes",8,4,2,1,1,2692,0,0,0,0,"1 Crawl",0
"08/21/2017","12901 CHURCH RD","210 Res - Subd (1 Fam)","23233",6e+05,1993,"A-",1,1,"01 Yes",8,5,3,1,1,3536,0,0,0,0,"1 Crawl",0
"05/14/2018","12909 CHURCH RD","210 Res - Subd (1 Fam)","23233",537000,1991,"A-",1,1,"01 Yes",8,4,2,1,1,3172,0,0,0,0,"1 Crawl",0
"07/30/2012","2804 DRAMMEN CT","210 Res - Subd (1 Fam)","23233",480000,1995,"A-",1,0,"01 Yes",10,5,3,1,1,3738,640,0,0,0,"1 Crawl",0
"10/15/2018","2519 DRAMMEN PL","210 Res - Subd (1 Fam)","23233",482500,1991,"A-",1,1,"01 Yes",8,4,2,1,1,2940,0,0,0,0,"1 Crawl",0
"05/09/2014","2520 DRAMMEN PL","210 Res - Subd (1 Fam)","23233",542500,1991,"A-",1,1,"01 Yes",9,5,3,1,1,3614,0,0,0,0,"1 Crawl",0
"04/22/2020","2516 DRAMMEN PL","210 Res - Subd (1 Fam)","23233-6612",470000,1991,"A-",2,1,"01 Yes",8,4,2,1,1,2958,0,0,0,0,"1 Crawl",0
"01/24/2020","2512 DRAMMEN PL","210 Res - Subd (1 Fam)","23233",495000,1991,"A-",1,1,"01 Yes",8,4,2,1,1,2838,0,0,0,0,"1 Crawl",0
"08/20/2015","2508 DRAMMEN PL","210 Res - Subd (1 Fam)","23233",530000,1991,"A-",2,1,"01 Yes",10,5,3,1,1,3630,0,0,0,0,"1 Crawl",0
"06/19/2015","2619 NORTHWIND DR","210 Res - Subd (1 Fam)","23233",475000,1989,"A-",1,1,"01 Yes",8,5,3,1,1,3161,0,0,0,0,"1 Crawl",0
"08/28/2014","2532 NORTHWIND PL","210 Res - Subd (1 Fam)","23233",440000,1990,"A-",1,1,"01 Yes",9,4,2,1,1,2968,0,0,0,0,"1 Crawl",0
"06/08/2020","2523 NORTHWIND PL","210 Res - Subd (1 Fam)","23233-6615",507000,1990,"A-",1,1,"01 Yes",10,5,2,1,1,3176,0,0,0,0,"1 Crawl",0
"07/07/2016","2524 NORTHWIND PL","210 Res - Subd (1 Fam)","23233",512000,1991,"A-",1,1,"01 Yes",8,4,2,1,1,2763,0,0,0,0,"1 Crawl",0
"03/26/2015","2519 NORTHWIND PL","210 Res - Subd (1 Fam)","23233",520000,1990,"A-",2,1,"01 Yes",9,5,3,1,1,3374,169,0,0,0,"1 Crawl",0
"09/06/2018","2508 COTTAGE COVE DR","210 Res - Subd (1 Fam)","23233",415000,1988,"A-",1,1,"01 Yes",9,5,2,1,1,3026,0,0,0,0,"1 Crawl",0
"10/31/2013","2520 NORTHWIND PL","210 Res - Subd (1 Fam)","23233",422500,1990,"A-",2,1,"01 Yes",9,4,2,1,1,2958,0,0,0,0,"1 Crawl",0
"07/17/2014","2515 NORTHWIND PL","210 Res - Subd (1 Fam)","23233",505000,1991,"A-",1,1,"01 Yes",8,4,2,1,1,3374,0,528,0,0,"1 Crawl",0
"06/29/2018","2505 COTTAGE COVE DR","210 Res - Subd (1 Fam)","23233",445000,1989,"A-",1,1,"01 Yes",9,4,2,1,1,3068,0,0,0,0,"1 Crawl",0
"07/29/2016","2516 NORTHWIND PL","210 Res - Subd (1 Fam)","23233",535000,1991,"A-",2,1,"01 Yes",10,5,2,1,1,3425,0,0,0,0,"1 Crawl",0
"06/03/2019","2503 COTTAGE COVE DR","210 Res - Subd (1 Fam)","23233",529990,1988,"A-",1,1,"01 Yes",10,5,3,1,1,3011,0,0,0,0,"1 Crawl",0
"06/13/2017","2512 NORTHWIND PL","210 Res - Subd (1 Fam)","23233",565000,1990,"A-",1,1,"01 Yes",10,5,2,1,1,3648,0,0,0,0,"1 Crawl",0
"03/13/2017","2515 DRAMMEN PL","210 Res - Subd (1 Fam)","23233",593500,1990,"A-",1,1,"01 Yes",10,5,4,1,2,4231,0,0,0,0,"1 Crawl",0
"06/12/2012","2501 COTTAGE COVE DR","210 Res - Subd (1 Fam)","23233",425000,1988,"A-",1,1,"01 Yes",10,5,3,1,1,2964,0,0,0,0,"1 Crawl",0
"06/10/2019","2501 NORTHWIND PL","210 Res - Subd (1 Fam)","23233",515900,1990,"A-",1,1,"01 Yes",10,5,3,1,1,3374,0,0,0,0,"1 Crawl",0
"04/01/2020","2507 DRAMMEN PL","210 Res - Subd (1 Fam)","23233-6614",535000,1990,"A-",1,1,"01 Yes",9,5,2,1,1,3214,364,0,0,0,"1 Crawl",0
"07/29/2013","2500 NORTHWIND PL","210 Res - Subd (1 Fam)","23233",497500,1990,"A-",1,1,"01 Yes",10,5,3,1,1,3238,0,0,0,0,"1 Crawl",0
"06/14/2016","2504 NORTHWIND PL","210 Res - Subd (1 Fam)","23233",634000,1989,"A-",1,1,"01 Yes",11,5,2,2,2,4152,200,0,0,0,"1 Crawl",0
"06/23/2014","2603 NORTHWIND DR","210 Res - Subd (1 Fam)","23233",394950,1986,"A-",1,1,"01 Yes",8,4,2,1,1,2501,0,0,0,0,"1 Crawl",0
"03/27/2017","2623 CAITLIN CT","270 Townhouse","23233",239500,1998,"C+",1,1,"01 Yes",7,3,2,1,1,1394,0,0,0,0,"1 Crawl",0
"03/25/2013","2622 CAITLIN CT","210 Res - Subd (1 Fam)","23233",190000,1997,"C+",1,1,"01 Yes",6,3,2,0,1,1294,0,0,0,0,"1 Crawl",0
"10/20/2017","2627 CAITLIN CT","210 Res - Subd (1 Fam)","23233",246000,1997,"C+",1,1,"01 Yes",6,3,2,1,1,1382,0,0,0,0,"1 Crawl",0
"02/02/2015","2632 CAITLIN CT","270 Townhouse","23233",172500,1989,"C+",1,1,"01 Yes",6,3,2,1,1,1400,0,0,0,0,"1 Crawl",0
"04/03/2017","12509 COTTAGE COVE CT","210 Res - Subd (1 Fam)","23233",530000,1988,"A-",1,1,"01 Yes",12,5,3,1,2,3443,0,0,0,0,"1 Crawl",0
"02/23/2018","2630 CAITLIN CT","270 Townhouse","23233",225000,1989,"C+",1,1,"01 Yes",6,3,2,1,1,1800,0,0,0,0,"1 Crawl",0
"11/01/2013","2637 CAITLIN CT","210 Res - Subd (1 Fam)","23233",231000,1991,"C+",1,1,"01 Yes",5,3,2,1,1,1748,0,0,0,0,"1 Crawl",0
"11/15/2019","12517 WINCHESTER GREEN CT","210 Res - Subd (1 Fam)","23113-4048",3e+05,1990,"C+",1,0,"01 Yes",7,4,3,1,1,2497,0,0,0,0,"1 Crawl",0
"05/02/2019","2637 BRADWAY LN","210 Res - Subd (1 Fam)","23233",278900,1996,"C+",1,1,"01 Yes",6,3,2,1,1,1744,0,0,0,0,"1 Crawl",0
"09/01/2015","2641 CAITLIN CT","210 Res - Subd (1 Fam)","23233",215000,1993,"C+",1,1,"01 Yes",6,3,2,0,1,1424,0,0,0,0,"1 Crawl",0
"01/24/2013","12601 BRADWAY CT","210 Res - Subd (1 Fam)","23233",238000,1993,"C+",1,0,"01 Yes",7,3,2,1,1,1800,0,0,0,0,"1 Crawl",0
"07/20/2016","12542 CAITLIN CIR","210 Res - Subd (1 Fam)","23233",231000,1995,"C+",1,1,"01 Yes",6,3,2,1,1,1712,0,0,0,0,"1 Crawl",0
"05/22/2015","12600 BRADWAY CT","210 Res - Subd (1 Fam)","23233",234950,1995,"C+",1,0,"01 Yes",6,3,2,1,1,1680,0,0,0,0,"1 Crawl",0
"08/08/2013","2624 BRADWAY LN","210 Res - Subd (1 Fam)","23233",227950,1995,"C+",1,1,"01 Yes",6,3,2,1,1,1712,0,0,0,0,"1 Crawl",0
"06/28/2013","12604 BRADWAY CT","210 Res - Subd (1 Fam)","23233",200425,1993,"C+",1,0,"01 Yes",6,3,2,0,1,1515,0,0,0,0,"1 Crawl",0
"12/05/2012","2616 BRADWAY LN","210 Res - Subd (1 Fam)","23233",210000,1997,"C+",1,1,"01 Yes",6,3,2,1,1,1368,0,0,0,0,"1 Crawl",0
"08/04/2017","12608 MEGHAN'S BAY CT","210 Res - Subd (1 Fam)","23233",244950,1996,"C+",1,1,"01 Yes",6,3,2,1,1,1712,0,0,0,0,"1 Crawl",0
"06/21/2018","12601 WILDE LAKE CT","210 Res - Subd (1 Fam)","23233",5e+05,1989,"A-",1,1,"01 Yes",9,5,2,1,1,3116,0,0,0,0,"1 Crawl",0
"04/29/2013","12616 BRADWAY CT","210 Res - Subd (1 Fam)","23233",220501,1993,"C+",1,0,"01 Yes",6,3,2,1,1,1824,0,0,0,0,"1 Crawl",0
"11/12/2013","12632 MEGHAN'S BAY CT","210 Res - Subd (1 Fam)","23233",235000,1995,"C+",1,0,"01 Yes",6,3,2,1,1,1719,0,0,0,0,"1 Crawl",0
"05/09/2016","12617 MEGHAN'S BAY CT","210 Res - Subd (1 Fam)","23233",295900,1995,"C+",1,1,"01 Yes",8,4,2,1,1,2305,0,0,0,0,"1 Crawl",0
"08/21/2015","12621 MEGHAN'S BAY CT","210 Res - Subd (1 Fam)","23233",245000,1997,"C+",1,1,"01 Yes",6,3,2,1,1,1694,0,0,0,0,"1 Crawl",0
"05/30/2019","12609 WILDE LAKE CT","210 Res - Subd (1 Fam)","23233",5e+05,1989,"A-",1,1,"01 Yes",9,4,3,1,1,3147,0,0,0,0,"1 Crawl",0
"10/16/2012","2405 WILDE LAKE PL","210 Res - Subd (1 Fam)","23233",440000,1990,"A-",1,1,"01 Yes",9,4,2,1,1,3067,0,0,0,0,"1 Crawl",0
"07/19/2016","12613 WILDE LAKE CT","210 Res - Subd (1 Fam)","23233",535000,1989,"A-",1,1,"01 Yes",8,4,2,1,1,3032,483,0,0,0,"1 Crawl",0
"07/18/2019","12608 WILDE LAKE CT","210 Res - Subd (1 Fam)","23233",560000,1989,"A-",1,1,"01 Yes",9,5,3,1,1,3837,0,0,0,0,"1 Crawl",0
"05/06/2016","12508 CAITLIN CIR","210 Res - Subd (1 Fam)","23233",280000,1990,"C+",1,1,"01 Yes",7,4,2,1,1,2321,0,0,0,0,"1 Crawl",0
"12/30/2014","12517 CAITLIN CIR","210 Res - Subd (1 Fam)","23233",274000,2000,"C+",1,0,"01 Yes",6,4,2,1,1,2042,0,0,0,0,"1 Crawl",0
"08/15/2018","2605 CAITLIN CT","210 Res - Subd (1 Fam)","23233",335000,1989,"C+",1,1,"01 Yes",8,4,2,1,1,2338,0,0,0,0,"1 Crawl",0
"05/08/2015","2603 CAITLIN CT","210 Res - Subd (1 Fam)","23059-2521",280000,1989,"C+",1,1,"01 Yes",9,4,2,1,1,2335,0,0,0,0,"1 Crawl",0
"07/20/2016","12528 CAITLIN CIR","210 Res - Subd (1 Fam)","23059-5786",252000,1997,"C+",1,1,"01 Yes",7,4,2,1,1,1812,0,0,0,0,"1 Crawl",0
"10/06/2020","12533 CAITLIN CIR","210 Res - Subd (1 Fam)","23233-6622",315025,1994,"C+",1,0,"01 Yes",7,3,2,1,1,1862,0,0,0,0,"1 Crawl",0
"09/08/2020","2604 CAITLIN CT","210 Res - Subd (1 Fam)","23060",294425,1996,"C+",1,1,"01 Yes",7,4,2,1,1,1800,0,0,0,0,"1 Crawl",0
"08/07/2012","12537 CAITLIN CIR","210 Res - Subd (1 Fam)","23233",229500,1996,"C+",1,1,"01 Yes",6,3,2,1,1,1726,0,0,0,0,"1 Crawl",0
"12/13/2016","2605 BRADWAY LN","210 Res - Subd (1 Fam)","23223",263000,1994,"C+",1,0,"01 Yes",6,3,2,1,1,1720,0,0,0,0,"1 Crawl",0
"03/29/2017","12605 MEGHAN'S BAY CT","210 Res - Subd (1 Fam)","23059",219950,1996,"C+",1,1,"01 Yes",6,3,2,0,0,1236,0,0,0,0,"1 Crawl",0
"09/12/2014","2601 BRADWAY LN","210 Res - Subd (1 Fam)","23233",244000,1994,"C+",1,0,"01 Yes",7,3,2,0,1,1515,0,0,0,0,"1 Crawl",0
"10/18/2019","2627 PLEASANT RUN DR","210 Res - Subd (1 Fam)","23233",262500,1979,"C",1,1,"01 Yes",8,4,2,1,1,2060,0,0,0,0,"1 Crawl",0
"09/01/2020","2608 MALLARDS CROSSING","210 Res - Subd (1 Fam)","23233-2162",352000,1988,"C+",1,1,"01 Yes",8,4,2,1,1,2290,0,0,0,0,"1 Crawl",0
"10/23/2020","2606 MALLARDS CROSSING","210 Res - Subd (1 Fam)","23233-2162",390000,1988,"C+",1,1,"01 Yes",9,4,2,1,1,2638,0,0,0,0,"1 Crawl",0
"06/29/2012","2709 MALLARDS CT","210 Res - Subd (1 Fam)","23233",259900,1987,"C+",1,1,"01 Yes",8,4,2,1,1,2727,0,0,0,0,"1 Crawl",0
"09/15/2020","2609 MALLARDS CROSSING","210 Res - Subd (1 Fam)","23233-2163",390000,1987,"C+",1,1,"01 Yes",9,4,2,1,1,2592,0,0,0,0,"1 Crawl",0
"09/07/2018","2602 MALLARDS CROSSING","210 Res - Subd (1 Fam)","23233",277000,1986,"C+",1,1,"01 Yes",7,3,2,0,1,1722,0,0,0,0,"1 Crawl",0
"07/25/2019","2622 PLEASANT RUN DR","210 Res - Subd (1 Fam)","23233",279000,1979,"C",1,1,"01 Yes",7,4,2,1,2,1098,0,0,575,575,"W Walkout Bsmt",0
"08/04/2017","12314 RIDGEFIELD PKWY","210 Res - Subd (1 Fam)","23233",269000,1978,"C",1,1,"01 Yes",8,4,2,1,1,2060,0,0,0,0,"1 Crawl",0
"04/27/2020","2613 ROARINGBROOK DR","210 Res - Subd (1 Fam)","23233-2107",319000,1978,"C",1,1,"01 Yes",8,4,2,1,1,2060,0,0,0,0,"1 Crawl",0
"03/03/2015","2607 ROARINGBROOK DR","210 Res - Subd (1 Fam)","23233",228500,1979,"C",1,1,"01 Yes",7,4,2,1,1,1072,0,0,550,550,"W Walkout Bsmt",0
"10/28/2015","2616 PLEASANT RUN DR","210 Res - Subd (1 Fam)","23233",239000,1979,"C",1,1,"01 Yes",8,4,2,1,1,2060,0,0,0,0,"1 Crawl",0
"06/11/2018","2614 PLEASANT RUN DR","210 Res - Subd (1 Fam)","23233",264825,1979,"C+",1,1,"01 Yes",7,3,2,1,1,1636,0,0,0,0,"1 Crawl",0
"12/10/2013","2604 PLEASANT RUN DR","210 Res - Subd (1 Fam)","23233",230000,1979,"C",1,1,"01 Yes",7,3,1,1,1,1638,0,0,0,0,"1 Crawl",0
"08/21/2019","2623 PLEASANT RUN DR","210 Res - Subd (1 Fam)","23233",3e+05,1978,"C",1,1,"01 Yes",7,4,2,1,1,1630,0,0,650,650,"W Walkout Bsmt",0
"06/14/2012","2608 PLEASANT RUN DR","210 Res - Subd (1 Fam)","23233",169500,1979,"C",1,1,"01 Yes",7,4,1,2,1,1072,0,0,550,550,"W Walkout Bsmt",0
"04/01/2013","2619 PLEASANT RUN DR","210 Res - Subd (1 Fam)","23233",190000,1979,"C",1,1,"01 Yes",7,3,2,0,1,1375,0,0,0,0,"1 Crawl",0
"05/19/2015","2502 PLEASANT RUN DR","210 Res - Subd (1 Fam)","23238",239950,1977,"C",1,0,"01 Yes",8,4,2,1,1,1614,0,0,650,650,"W Walkout Bsmt",0
"09/23/2020","12321 RIDGEFIELD PKWY","210 Res - Subd (1 Fam)","23233-2104",262000,1978,"C",1,1,"01 Yes",7,3,2,1,1,1098,0,0,575,575,"W Walkout Bsmt",0
"01/15/2014","12316 RIDGEFIELD PKWY","210 Res - Subd (1 Fam)","23233",241475,1978,"C+",1,1,"01 Yes",7,3,2,1,1,1636,0,0,0,0,"1 Crawl",0
"07/18/2018","12318 RIDGEFIELD PKWY","210 Res - Subd (1 Fam)","23233",239900,1978,"C",1,1,"01 Yes",7,3,1,1,1,1500,0,0,0,0,"1 Crawl",0
"03/20/2019","2329 OLD COACH CT","210 Res - Subd (1 Fam)","23238",370000,1992,"C",1,1,"01 Yes",7,4,3,1,0,2286,0,0,0,0,"1 Crawl",0
"03/15/2017","12327 RIDGEFIELD PKWY","210 Res - Subd (1 Fam)","23233",239500,1978,"C",1,0,"01 Yes",7,4,2,2,1,1072,0,0,550,550,"W Walkout Bsmt",0
"09/14/2015","12324 RIDGEFIELD PKWY","210 Res - Subd (1 Fam)","23233",199500,1978,"C",1,1,"01 Yes",7,3,1,1,1,1607,0,0,0,0,"1 Crawl",0
"12/20/2013","2420 OLD COACH LN","210 Res - Subd (1 Fam)","23238",240000,1994,"C",1,1,"01 Yes",8,4,2,1,1,1894,0,0,0,0,"1 Crawl",0
"06/01/2018","12326 RIDGEFIELD PKWY","210 Res - Subd (1 Fam)","23233",250000,1978,"C",1,1,"01 Yes",8,4,2,1,1,2060,0,0,0,0,"1 Crawl",0
"02/27/2017","12331 RIDGEFIELD PKWY","210 Res - Subd (1 Fam)","23233",215000,1978,"C",1,0,"01 Yes",8,4,2,1,1,1630,0,0,650,650,"W Walkout Bsmt",0
"10/05/2018","12333 RIDGEFIELD PKWY","210 Res - Subd (1 Fam)","23233",255000,1978,"C",1,1,"01 Yes",7,3,2,0,1,1638,0,0,0,0,"1 Crawl",0
"10/18/2013","2415 OLD COACH LN","210 Res - Subd (1 Fam)","23238",249950,1992,"C",1,1,"01 Yes",7,4,2,1,1,1890,0,0,0,0,"1 Crawl",0
"01/08/2021","2311 LASHLEY LN","210 Res - Subd (1 Fam)","23238-3014",292500,1977,"C",1,0,"01 Yes",7,3,2,1,1,1301,0,313,650,650,"W Walkout Bsmt",0
"03/16/2015","2324 OLD COACH LN","210 Res - Subd (1 Fam)","23238",225000,1975,"C",1,0,"01 Yes",7,3,2,1,1,1317,0,313,650,650,"W Walkout Bsmt",0
"03/19/2012","2307 LASHLEY LN","210 Res - Subd (1 Fam)","23238",113000,1977,"C",1,1,"01 Yes",7,4,2,0,1,1072,0,0,550,550,"W Walkout Bsmt",0
"06/14/2017","2310 LASHLEY LN","210 Res - Subd (1 Fam)","23238",301000,1978,"C",1,0,"01 Yes",8,4,2,1,1,2249,0,0,0,0,"1 Crawl",0
"07/16/2018","2303 LASHLEY LN","210 Res - Subd (1 Fam)","23238",250000,1977,"C",1,0,"01 Yes",7,3,1,1,1,1668,0,0,0,0,"1 Crawl",0
"12/02/2020","2306 LASHLEY LN","210 Res - Subd (1 Fam)","23238",231500,1977,"C",1,0,"01 Yes",7,3,1,1,1,1375,0,0,0,0,"1 Crawl",0
"07/25/2016","2304 LASHLEY LN","210 Res - Subd (1 Fam)","23238",204000,1977,"C",1,0,"01 Yes",7,4,1,1,1,1072,0,0,550,550,"W Walkout Bsmt",0
"10/30/2017","2217 LASHLEY LN","270 Townhouse","23238",165000,1979,"C-",1,1,"01 Yes",6,3,1,2,1,1380,0,0,0,0,"1 Crawl",0
"07/17/2019","2215 LASHLEY LN","270 Townhouse","23238",183000,1979,"C-",1,1,"01 Yes",6,3,1,2,1,1360,0,0,0,0,"1 Crawl",0
"07/15/2020","2213 LASHLEY LN","270 Townhouse","23238-3012",190000,1979,"C-",1,1,"01 Yes",6,3,1,2,0,1380,0,0,0,0,"1 Crawl",0
"09/19/2019","2205 LASHLEY LN","270 Townhouse","23233",169000,1979,"C-",1,1,"01 Yes",6,2,1,2,1,1360,0,0,0,0,"1 Crawl",0
"10/05/2020","2316 OLD COACH CT","210 Res - Subd (1 Fam)","23238-3058",338000,1992,"C",1,1,"01 Yes",7,4,2,1,1,1930,0,0,0,0,"1 Crawl",0
"03/23/2020","2216 LASHLEY LN","270 Townhouse","23238-3013",190000,1980,"C-",1,1,"01 Yes",6,3,1,2,1,1380,0,0,0,0,"1 Crawl",0
"08/13/2012","2210 LASHLEY LN","270 Townhouse","23226",135000,1980,"C-",1,1,"01 Yes",6,3,1,1,0,1380,0,0,0,0,"1 Crawl",0
"06/30/2020","2208 LASHLEY LN","270 Townhouse","23238-3013",189500,1980,"C-",1,1,"01 Yes",6,3,1,2,1,1360,0,0,0,0,"1 Crawl",0
"03/12/2012","2217 ASHCREEK DR","270 Townhouse","23238",155500,1980,"C-",1,1,"01 Yes",7,3,1,2,1,1496,0,0,0,0,"1 Crawl",0
"11/01/2012","2202 LASHLEY LN","270 Townhouse","23238",139500,1980,"C-",1,1,"01 Yes",5,3,1,2,1,1360,0,0,0,0,"1 Crawl",0
"08/17/2015","2308 OLD COACH CT","210 Res - Subd (1 Fam)","23238",252500,1992,"C",1,1,"01 Yes",7,4,2,1,1,1987,0,0,0,0,"1 Crawl",0
"06/28/2013","2213 ASHCREEK DR","270 Townhouse","15044",117000,1980,"C-",1,1,"01 Yes",6,3,1,2,0,1380,0,0,0,0,"1 Crawl",0
"12/14/2012","2412 OLD COACH LN","210 Res - Subd (1 Fam)","23238",264000,1994,"C",1,1,"01 Yes",7,4,2,1,0,2098,0,0,0,0,"1 Crawl",0
"11/01/2017","2216 ASHCREEK DR","270 Townhouse","23059",165000,1980,"C-",1,1,"01 Yes",6,3,1,2,1,1380,0,0,0,0,"1 Crawl",0
"07/28/2020","2408 OLD COACH LN","210 Res - Subd (1 Fam)","23238-3060",308500,1992,"C",1,1,"01 Yes",7,4,2,1,1,2132,0,0,0,0,"1 Crawl",0
"01/19/2018","2210 ASHCREEK DR","270 Townhouse","23238",168000,1980,"C-",1,1,"01 Yes",6,3,1,2,0,1380,0,0,0,0,"1 Crawl",0
"06/10/2013","2204 ASHCREEK DR","270 Townhouse","23116-5808",150000,1980,"C-",1,1,"01 Yes",6,3,1,2,0,1380,0,0,0,0,"1 Crawl",0
"09/19/2019","2200 ASHCREEK DR","270 Townhouse","22079",185000,1979,"C-",1,1,"01 Yes",6,3,2,1,1,1380,0,0,0,0,"1 Crawl",0
"06/05/2015","2223 COVEMEADOW DR","270 Townhouse","23222",146100,1978,"C-",1,1,"01 Yes",6,2,2,1,1,1380,0,0,0,0,"1 Crawl",0
"09/30/2019","2213 COVEMEADOW DR","270 Townhouse","23238",172000,1978,"C-",1,1,"01 Yes",6,3,1,2,0,1320,0,0,0,0,"1 Crawl",0
"04/15/2020","2306 LEIGHTON CT","210 Res - Subd (1 Fam)","23238-3020",3e+05,1975,"C",1,0,"01 Yes",7,3,2,1,1,1301,0,313,650,650,"W Walkout Bsmt",0
"05/15/2018","2209 COVEMEADOW DR","270 Townhouse","23238",175000,1978,"C-",1,1,"01 Yes",6,3,1,2,0,1380,0,0,0,0,"1 Crawl",0
"05/16/2013","2201 COVEMEADOW DR","270 Townhouse","23238",155000,1978,"C-",1,1,"01 Yes",6,3,2,1,1,1380,0,0,0,0,"1 Crawl",0
"06/01/2018","2202 FOXBOROUGH DR","270 Townhouse","23238",181000,1978,"C-",1,1,"01 Yes",5,3,1,2,0,1320,0,0,0,0,"1 Crawl",0
"06/04/2018","2208 FOXBOROUGH DR","270 Townhouse","23238",185000,1978,"C-",1,1,"01 Yes",6,3,1,2,1,1360,0,0,0,0,"1 Crawl",0
"05/27/2016","2214 FOXBOROUGH DR","270 Townhouse","23238",147000,1978,"C-",1,1,"01 Yes",6,3,1,2,1,1360,0,0,0,0,"1 Crawl",0
"10/17/2013","2205 FOXBOROUGH DR","270 Townhouse","23238",151000,1978,"C-",1,1,"01 Yes",5,3,1,2,1,1360,0,0,0,0,"1 Crawl",0
"06/07/2016","2207 FOXBOROUGH DR","270 Townhouse","23238",159950,1978,"C-",1,1,"01 Yes",5,3,1,2,0,1380,0,0,0,0,"1 Crawl",0
"10/22/2018","2209 FOXBOROUGH DR","270 Townhouse","23238",182000,1978,"C-",1,1,"01 Yes",6,3,1,2,0,1380,0,0,0,0,"1 Crawl",0
"04/10/2019","2211 FOXBOROUGH DR","270 Townhouse","23238",172000,1978,"C-",1,1,"01 Yes",6,3,1,2,0,1320,0,0,0,0,"1 Crawl",0
"11/21/2016","2215 FOXBOROUGH DR","270 Townhouse","23238",149900,1978,"C-",1,1,"01 Yes",6,3,1,2,0,1380,0,0,0,0,"1 Crawl",0
"12/27/2019","2217 FOXBOROUGH DR","270 Townhouse","23238",175000,1978,"C-",1,1,"01 Yes",6,3,1,2,0,1380,0,0,0,0,"1 Crawl",0
"08/25/2017","2223 FOXBOROUGH DR","270 Townhouse","23238",165000,1978,"C-",1,1,"01 Yes",6,3,1,2,1,1380,0,0,0,0,"1 Crawl",0
"06/27/2018","3820 HOUNDSTOOTH CT","210 Res - Subd (1 Fam)","23233",525000,1997,"A",2,0,"01 Yes",9,5,3,0,1,3043,0,0,0,0,"1 Crawl",0
"06/19/2014","3832 HOUNDSTOOTH CT","210 Res - Subd (1 Fam)","23238",471500,1996,"A",2,0,"01 Yes",10,5,2,1,1,3026,0,0,0,0,"1 Crawl",0
"05/28/2015","3725 MILBRANCH PL","210 Res - Subd (1 Fam)","23233",335000,1991,"B",1,0,"01 Yes",7,3,2,1,1,2185,0,0,0,0,"1 Crawl",0
"05/06/2020","3840 HOUNDSTOOTH CT","210 Res - Subd (1 Fam)","23233-7678",525000,1996,"A",9,0,"01 Yes",11,4,2,1,1,3068,120,0,0,0,"1 Crawl",0
"03/23/2017","3609 MILBRANCH PL","210 Res - Subd (1 Fam)","23233",310500,1993,"B",1,0,"01 Yes",7,4,2,1,1,2635,0,0,0,0,"1 Crawl",0
"03/02/2015","3705 MILBRANCH PL","210 Res - Subd (1 Fam)","23233",3e+05,1994,"B",1,0,"01 Yes",7,4,2,1,1,2116,0,0,0,0,"1 Crawl",0
"06/04/2013","3701 MILBRANCH PL","210 Res - Subd (1 Fam)","23233",327000,1993,"B",1,0,"01 Yes",8,4,2,2,1,2278,0,0,0,0,"1 Crawl",0
"05/22/2020","3608 MILBRANCH PL","210 Res - Subd (1 Fam)","23233-7634",435000,1992,"B",1,0,"01 Yes",8,4,2,1,1,2360,0,100,0,0,"1 Crawl",0
"06/22/2012","3704 MILBRANCH PL","210 Res - Subd (1 Fam)","23233",335000,1993,"B",1,0,"01 Yes",8,4,2,1,1,2483,0,0,0,0,"1 Crawl",0
"07/17/2017","3716 MILBRANCH PL","210 Res - Subd (1 Fam)","23233",412000,1992,"B",1,0,"01 Yes",8,4,2,1,1,2408,0,0,0,0,"1 Crawl",0
"03/27/2018","3705 MILSHIRE PL","210 Res - Subd (1 Fam)","23233",425000,1995,"B",1,1,"01 Yes",8,4,2,1,1,2489,0,0,0,0,"1 Crawl",0
"08/25/2020","3713 MILSHIRE PL","210 Res - Subd (1 Fam)","23139",316000,1995,"B",1,0,"01 Yes",8,4,2,1,1,2437,0,0,0,0,"1 Crawl",0
"07/05/2016","3717 MILSHIRE PL","210 Res - Subd (1 Fam)","23242",326500,1995,"B",1,1,"01 Yes",8,4,2,1,1,2085,0,0,0,0,"1 Crawl",0
"07/05/2018","3708 MILSHIRE PL","210 Res - Subd (1 Fam)","23233",372500,1995,"B",1,0,"01 Yes",8,4,2,1,1,2225,0,0,0,0,"1 Crawl",0
"07/10/2014","3704 MILSHIRE PL","210 Res - Subd (1 Fam)","23233",377000,1995,"B",1,0,"01 Yes",8,4,2,1,1,2336,352,0,0,0,"1 Crawl",0
"01/20/2015","3604 MILSHIRE CT","210 Res - Subd (1 Fam)","23233",355000,1995,"B",1,1,"01 Yes",8,4,2,1,1,2410,0,0,0,0,"1 Crawl",0
"06/29/2018","3725 MILSHIRE PL","210 Res - Subd (1 Fam)","23233",444950,1995,"B",1,0,"01 Yes",8,4,2,1,1,2674,0,0,0,0,"1 Crawl",0
"04/01/2019","3609 MILBURY RUN ST","210 Res - Subd (1 Fam)","23233",399950,1995,"B",1,0,"01 Yes",10,4,2,1,1,2352,0,0,0,0,"1 Crawl",0
"07/18/2014","3613 MILBURY RUN ST","210 Res - Subd (1 Fam)","23233",391000,1995,"B",1,0,"01 Yes",9,4,2,1,1,2582,0,0,0,0,"1 Crawl",0
"03/25/2016","3616 MILBURY RUN ST","210 Res - Subd (1 Fam)","23233",435000,1995,"B",1,0,"01 Yes",9,5,2,1,1,2826,0,0,0,0,"1 Crawl",0
"06/24/2016","3612 MILBURY RUN ST","210 Res - Subd (1 Fam)","23233",428000,1994,"B",1,0,"01 Yes",10,5,2,1,2,2943,0,0,0,0,"1 Crawl",0
"03/14/2016","3608 MILBURY RUN ST","210 Res - Subd (1 Fam)","23233",445000,1995,"B",1,1,"01 Yes",9,4,2,1,1,2992,0,0,0,0,"1 Crawl",0
"07/09/2012","12928 CHURCH RD","210 Res - Subd (1 Fam)","23233",530000,1995,"A-",1,0,"01 Yes",11,4,3,1,2,3302,0,0,NA,NA,"4 Basement",2
"05/09/2018","2404 NARVIK CT","210 Res - Subd (1 Fam)","23233",475000,1989,"A-",1,1,"01 Yes",9,5,2,1,1,3050,0,0,0,0,"1 Crawl",0
"07/18/2018","2404 ASKER CT","210 Res - Subd (1 Fam)","23233",513000,1991,"A-",1,1,"01 Yes",8,4,3,1,1,2787,325,0,0,0,"1 Crawl",0
"04/29/2020","2501 DRAMMEN PL","210 Res - Subd (1 Fam)","23233-6614",520000,1991,"A-",1,1,"01 Yes",8,4,2,1,1,2934,0,0,0,0,"1 Crawl",0
"06/20/2013","2412 ODENDRON CT","210 Res - Subd (1 Fam)","23233",460000,1990,"A-",1,1,"01 Yes",9,5,2,1,1,2860,0,0,0,0,"1 Crawl",0
"08/01/2016","2405 ODENDRON CT","210 Res - Subd (1 Fam)","23233",485000,1989,"A-",2,1,"01 Yes",10,5,3,1,1,3430,0,0,0,0,"1 Crawl",0
"01/19/2018","2408 ODENDRON CT","210 Res - Subd (1 Fam)","23233",453400,1990,"A-",1,1,"01 Yes",10,5,2,1,1,3014,0,0,0,0,"1 Crawl",0
"02/18/2015","2409 NARVIK CT","210 Res - Subd (1 Fam)","23233",472500,1991,"A-",1,1,"01 Yes",8,4,2,1,1,3056,0,0,0,0,"1 Crawl",0
"04/13/2015","2401 ODENDRON CT","210 Res - Subd (1 Fam)","23233",524900,1990,"A-",1,1,"01 Yes",10,5,3,1,1,3204,0,0,0,0,"1 Crawl",0
"10/15/2018","2404 ODENDRON CT","210 Res - Subd (1 Fam)","23233",479950,1989,"A-",1,1,"01 Yes",9,4,2,1,1,3154,0,0,0,0,"1 Crawl",0
"07/01/2020","2400 ODENDRON CT","210 Res - Subd (1 Fam)","23233-6618",678000,1990,"A-",1,1,"01 Yes",10,5,3,1,1,3190,0,0,0,0,"1 Crawl",0
